timestamp,cpu_usage_rate,active_connections,replicas
2024-04-01 00:00:00,13.530281381717717,37,15
2024-04-01 00:02:00,0.1,42,1
2024-04-01 00:04:00,19.074752219926342,43,15
2024-04-01 00:06:00,7.312435595257112,43,10
2024-04-01 00:08:00,11.122900141772735,27,14
2024-04-01 00:10:00,9.900366698754295,40,13
2024-04-01 00:12:00,12.468404654010406,39,15
2024-04-01 00:14:00,5.68331046399851,39,8
2024-04-01 00:16:00,14.34243602616096,40,15
2024-04-01 00:18:00,6.115160457161819,42,8
2024-04-01 00:20:00,11.949921358155159,39,15
2024-04-01 00:22:00,3.553375228487903,36,5
2024-04-01 00:24:00,14.830953714825858,43,15
2024-04-01 00:26:00,9.19091295992849,43,12
2024-04-01 00:28:00,11.832867141493784,55,15
2024-04-01 00:30:00,15.577303816062923,31,15
2024-04-01 00:32:00,13.113539769517361,41,15
2024-04-01 00:34:00,10.12495579872038,62,14
2024-04-01 00:36:00,8.491176923541493,38,11
2024-04-01 00:38:00,7.483694424263336,53,10
2024-04-01 00:40:00,15.98486728230489,35,15
2024-04-01 00:42:00,12.583529464533438,35,15
2024-04-01 00:44:00,4.330109431252941,52,6
2024-04-01 00:46:00,12.055864793666169,31,15
2024-04-01 00:48:00,14.446714654651664,42,15
2024-04-01 00:50:00,4.883560264621721,45,7
2024-04-01 00:52:00,6.814566597471041,45,9
2024-04-01 00:54:00,12.514440072073299,32,15
2024-04-01 00:56:00,9.716070504389206,18,13
2024-04-01 00:58:00,13.521378061511088,22,15
2024-04-01 01:00:00,13.096152559029523,58,15
2024-04-01 01:02:00,12.578599427545132,45,15
2024-04-01 01:04:00,21.030455827209103,54,15
2024-04-01 01:06:00,14.552986585163428,32,15
2024-04-01 01:08:00,0.1,43,1
2024-04-01 01:10:00,16.104897029609145,63,15
2024-04-01 01:12:00,6.355143953476042,50,9
2024-04-01 01:14:00,12.402671044127207,51,15
2024-04-01 01:16:00,5.163527794472682,34,7
2024-04-01 01:18:00,5.2292735800459225,43,7
2024-04-01 01:20:00,9.117920879874834,58,13
2024-04-01 01:22:00,7.576263577108421,46,10
2024-04-01 01:24:00,7.237656802977545,37,10
2024-04-01 01:26:00,11.516823893494337,47,15
2024-04-01 01:28:00,19.98235593341598,51,15
2024-04-01 01:30:00,4.58703192815995,48,7
2024-04-01 01:32:00,3.896723360318763,50,6
2024-04-01 01:34:00,14.114988966262791,56,15
2024-04-01 01:36:00,7.176903535538812,26,9
2024-04-01 01:38:00,11.625441476520853,42,15
2024-04-01 01:40:00,14.345033497687481,39,15
2024-04-01 01:42:00,8.513498343166106,43,12
2024-04-01 01:44:00,5.677665338847712,46,8
2024-04-01 01:46:00,5.0752684271065185,51,7
2024-04-01 01:48:00,2.3422017554449077,43,4
2024-04-01 01:50:00,12.40256639980683,58,15
2024-04-01 01:52:00,14.138061235190666,38,15
2024-04-01 01:54:00,13.916744913921356,40,15
2024-04-01 01:56:00,5.291470877012153,39,7
2024-04-01 01:58:00,14.969502003220455,57,15
2024-04-01 02:00:00,16.273314587984846,51,15
2024-04-01 02:02:00,4.254781025165347,35,6
2024-04-01 02:04:00,10.148647303143983,37,13
2024-04-01 02:06:00,13.095989214212919,32,15
2024-04-01 02:08:00,7.685483783244037,28,10
2024-04-01 02:10:00,14.506097558665953,56,15
2024-04-01 02:12:00,15.421965898869585,44,15
2024-04-01 02:14:00,12.793555709242291,45,15
2024-04-01 02:16:00,16.378207191679525,38,15
2024-04-01 02:18:00,17.18301151317221,43,15
2024-04-01 02:20:00,10.825381369896993,62,15
2024-04-01 02:22:00,10.700914925792972,41,14
2024-04-01 02:24:00,13.30262216213568,62,15
2024-04-01 02:26:00,3.0969895814504316,48,5
2024-04-01 02:28:00,11.203017464691936,39,15
2024-04-01 02:30:00,10.619438084841846,32,14
2024-04-01 02:32:00,8.380547319885991,50,11
2024-04-01 02:34:00,13.86662947008334,80,15
2024-04-01 02:36:00,19.115626803078516,23,15
2024-04-01 02:38:00,7.7899155603245696,50,11
2024-04-01 02:40:00,20.854369979721632,65,15
2024-04-01 02:42:00,13.14773204348921,52,15
2024-04-01 02:44:00,18.701828827282164,62,15
2024-04-01 02:46:00,7.612302834901414,42,10
2024-04-01 02:48:00,7.843202586875203,63,11
2024-04-01 02:50:00,17.931876282115322,65,15
2024-04-01 02:52:00,22.296383776982697,69,15
2024-04-01 02:54:00,16.445642440149562,41,15
2024-04-01 02:56:00,13.611689200490652,46,15
2024-04-01 02:58:00,5.395764845288271,41,8
2024-04-01 03:00:00,11.967216567943904,47,15
2024-04-01 03:02:00,11.83696329906661,46,15
2024-04-01 03:04:00,13.590444282187924,42,15
2024-04-01 03:06:00,17.424353262905026,60,15
2024-04-01 03:08:00,14.342969826428611,60,15
2024-04-01 03:10:00,11.606466074324608,50,15
2024-04-01 03:12:00,9.987316773636358,34,13
2024-04-01 03:14:00,14.059714149497847,47,15
2024-04-01 03:16:00,10.173887941863292,59,14
2024-04-01 03:18:00,13.690849330921074,38,15
2024-04-01 03:20:00,26.936675068565428,53,15
2024-04-01 03:22:00,19.653954650497226,56,15
2024-04-01 03:24:00,4.597565509091689,48,7
2024-04-01 03:26:00,8.123055236780935,45,11
2024-04-01 03:28:00,18.950954080736906,54,15
2024-04-01 03:30:00,17.15565464404018,63,15
2024-04-01 03:32:00,13.254338778394926,63,15
2024-04-01 03:34:00,19.554966156358926,58,15
2024-04-01 03:36:00,21.183553733796906,48,15
2024-04-01 03:38:00,13.191494000516688,43,15
2024-04-01 03:40:00,13.990929454909356,41,15
2024-04-01 03:42:00,9.09520543580031,71,13
2024-04-01 03:44:00,25.515254705102652,72,15
2024-04-01 03:46:00,24.13705358076978,55,15
2024-04-01 03:48:00,24.47628112288003,60,15
2024-04-01 03:50:00,18.317182965729298,47,15
2024-04-01 03:52:00,25.209763109186866,55,15
2024-04-01 03:54:00,20.314757204612487,50,15
2024-04-01 03:56:00,13.291250720244669,48,15
2024-04-01 03:58:00,13.231780222249771,53,15
2024-04-01 04:00:00,18.410468983746938,49,15
2024-04-01 04:02:00,23.1404174657846,67,15
2024-04-01 04:04:00,17.834616943874398,41,15
2024-04-01 04:06:00,11.848323108573632,48,15
2024-04-01 04:08:00,14.9228203470438,51,15
2024-04-01 04:10:00,13.401890781012993,59,15
2024-04-01 04:12:00,13.885316608926455,38,15
2024-04-01 04:14:00,23.174348291871027,55,15
2024-04-01 04:16:00,21.481949692315684,49,15
2024-04-01 04:18:00,13.3049538606607,60,15
2024-04-01 04:20:00,26.639331422841195,47,15
2024-04-01 04:22:00,23.430905112036882,50,15
2024-04-01 04:24:00,18.079654568414078,48,15
2024-04-01 04:26:00,13.322728374026587,44,15
2024-04-01 04:28:00,19.475865667272338,55,15
2024-04-01 04:30:00,17.708074666941652,70,15
2024-04-01 04:32:00,18.20434962664259,60,15
2024-04-01 04:34:00,14.67797528948389,52,15
2024-04-01 04:36:00,19.496125124354688,47,15
2024-04-01 04:38:00,18.184994021958044,71,15
2024-04-01 04:40:00,20.57482235876862,74,15
2024-04-01 04:42:00,25.427596464176872,60,15
2024-04-01 04:44:00,18.390425569810525,33,15
2024-04-01 04:46:00,26.288935689720166,67,15
2024-04-01 04:48:00,24.436206648100598,60,15
2024-04-01 04:50:00,23.378193375683313,66,15
2024-04-01 04:52:00,30.28252242172163,77,15
2024-04-01 04:54:00,28.07576542481641,68,15
2024-04-01 04:56:00,25.720251652777065,67,15
2024-04-01 04:58:00,15.765822239787573,67,15
2024-04-01 05:00:00,17.651115895506216,73,15
2024-04-01 05:02:00,21.77788049156554,64,15
2024-04-01 05:04:00,17.12811396550921,59,15
2024-04-01 05:06:00,21.307170655042228,59,15
2024-04-01 05:08:00,20.78396337374215,61,15
2024-04-01 05:10:00,22.27500534166133,72,15
2024-04-01 05:12:00,25.272369788842305,65,15
2024-04-01 05:14:00,19.472240836621694,76,15
2024-04-01 05:16:00,13.145110116840339,67,15
2024-04-01 05:18:00,26.077696378963168,72,15
2024-04-01 05:20:00,23.487456220652543,80,15
2024-04-01 05:22:00,26.7014026015257,63,15
2024-04-01 05:24:00,24.382267752165934,51,15
2024-04-01 05:26:00,17.014067897275858,73,15
2024-04-01 05:28:00,24.877695467654444,59,15
2024-04-01 05:30:00,22.15962355104095,58,15
2024-04-01 05:32:00,20.83055833850674,92,15
2024-04-01 05:34:00,12.829508043250069,54,15
2024-04-01 05:36:00,19.87494896004755,88,15
2024-04-01 05:38:00,30.084075490710763,75,15
2024-04-01 05:40:00,27.13197105415089,56,15
2024-04-01 05:42:00,28.435405369483632,60,15
2024-04-01 05:44:00,21.732395801450913,71,15
2024-04-01 05:46:00,21.445397802737347,71,15
2024-04-01 05:48:00,28.118136405518495,60,15
2024-04-01 05:50:00,20.6515929985173,71,15
2024-04-01 05:52:00,27.36211902661863,69,15
2024-04-01 05:54:00,36.89119815418236,47,15
2024-04-01 05:56:00,35.22576296159195,60,15
2024-04-01 05:58:00,31.97345683116739,84,15
2024-04-01 06:00:00,22.951535402086307,67,15
2024-04-01 06:02:00,24.78282623961117,54,15
2024-04-01 06:04:00,29.129121622897447,70,15
2024-04-01 06:06:00,23.37417624994847,79,15
2024-04-01 06:08:00,23.73576674965586,72,15
2024-04-01 06:10:00,29.73912978900863,77,15
2024-04-01 06:12:00,22.641252524397103,87,15
2024-04-01 06:14:00,24.264807564717476,70,15
2024-04-01 06:16:00,22.362484577593676,65,15
2024-04-01 06:18:00,24.1506297171288,61,15
2024-04-01 06:20:00,22.700208082377728,73,15
2024-04-01 06:22:00,26.834871451673408,78,15
2024-04-01 06:24:00,18.428086249728437,65,15
2024-04-01 06:26:00,23.56227826289789,64,15
2024-04-01 06:28:00,25.972766432833634,82,15
2024-04-01 06:30:00,23.589673982994668,79,15
2024-04-01 06:32:00,33.7720858912101,63,15
2024-04-01 06:34:00,24.05345979817488,79,15
2024-04-01 06:36:00,33.2735169713402,57,15
2024-04-01 06:38:00,33.66132594225148,80,15
2024-04-01 06:40:00,24.782720251133426,70,15
2024-04-01 06:42:00,26.168625379665603,90,15
2024-04-01 06:44:00,28.513013189315412,65,15
2024-04-01 06:46:00,22.073961911933203,72,15
2024-04-01 06:48:00,27.482516134257956,72,15
2024-04-01 06:50:00,27.700576459592973,85,15
2024-04-01 06:52:00,19.2924926637066,80,15
2024-04-01 06:54:00,29.604436329739563,54,15
2024-04-01 06:56:00,25.884277924345525,63,15
2024-04-01 06:58:00,31.590331009693152,59,15
2024-04-01 07:00:00,30.04957507383626,89,15
2024-04-01 07:02:00,31.83611787319886,95,15
2024-04-01 07:04:00,18.99421836264654,88,15
2024-04-01 07:06:00,34.3025906709323,91,15
2024-04-01 07:08:00,36.22313152149578,61,15
2024-04-01 07:10:00,26.8817829664792,75,15
2024-04-01 07:12:00,31.52694448863025,84,15
2024-04-01 07:14:00,41.15136874730922,90,15
2024-04-01 07:16:00,28.05359794957953,73,15
2024-04-01 07:18:00,30.43465018466512,72,15
2024-04-01 07:20:00,32.55312028323883,99,15
2024-04-01 07:22:00,32.25546414274695,84,15
2024-04-01 07:24:00,30.24294555153945,83,15
2024-04-01 07:26:00,23.35416695158982,76,15
2024-04-01 07:28:00,32.144432829189284,90,15
2024-04-01 07:30:00,37.00506105665223,91,15
2024-04-01 07:32:00,36.13457589725173,96,15
2024-04-01 07:34:00,29.18141718085017,74,15
2024-04-01 07:36:00,29.730295859727494,67,15
2024-04-01 07:38:00,35.741953254820615,102,15
2024-04-01 07:40:00,27.329145485119,65,15
2024-04-01 07:42:00,30.304002431470565,83,15
2024-04-01 07:44:00,23.250108117928576,91,15
2024-04-01 07:46:00,38.91981281895697,100,15
2024-04-01 07:48:00,25.33514297988167,85,15
2024-04-01 07:50:00,23.173959891908716,96,15
2024-04-01 07:52:00,34.88842746319482,85,15
2024-04-01 07:54:00,28.325779274623578,94,15
2024-04-01 07:56:00,32.08374172162863,94,15
2024-04-01 07:58:00,37.2449150553034,100,15
2024-04-01 08:00:00,37.635658919757255,77,15
2024-04-01 08:02:00,33.94440000399854,67,15
2024-04-01 08:04:00,33.88302068308216,50,15
2024-04-01 08:06:00,35.28137147285411,96,15
2024-04-01 08:08:00,33.35615349189939,105,15
2024-04-01 08:10:00,41.88029202163964,92,15
2024-04-01 08:12:00,36.5596923526502,103,15
2024-04-01 08:14:00,31.54637812784992,91,15
2024-04-01 08:16:00,29.611034637743305,79,15
2024-04-01 08:18:00,32.454624470511604,87,15
2024-04-01 08:20:00,36.644587196326434,89,15
2024-04-01 08:22:00,38.43574017733714,83,15
2024-04-01 08:24:00,32.003881909797244,80,15
2024-04-01 08:26:00,28.82939876288513,86,15
2024-04-01 08:28:00,24.48291087685798,112,15
2024-04-01 08:30:00,30.012968462519098,87,15
2024-04-01 08:32:00,34.474450159879794,84,15
2024-04-01 08:34:00,34.993991299402296,72,15
2024-04-01 08:36:00,39.552049813444384,88,15
2024-04-01 08:38:00,31.097232834864112,85,15
2024-04-01 08:40:00,36.86805904664572,71,15
2024-04-01 08:42:00,33.546003628940895,87,15
2024-04-01 08:44:00,37.274940001032746,95,15
2024-04-01 08:46:00,31.3468167288028,96,15
2024-04-01 08:48:00,37.739528023112705,107,15
2024-04-01 08:50:00,37.76070699636047,93,15
2024-04-01 08:52:00,34.03212460215579,83,15
2024-04-01 08:54:00,31.85404528883318,100,15
2024-04-01 08:56:00,28.33031986052701,95,15
2024-04-01 08:58:00,32.24970959111531,86,15
2024-04-01 09:00:00,29.48748839753027,83,15
2024-04-01 09:02:00,37.11644035178035,90,15
2024-04-01 09:04:00,36.67561543693092,89,15
2024-04-01 09:06:00,35.8852018735442,83,15
2024-04-01 09:08:00,39.639988395682515,79,15
2024-04-01 09:10:00,33.693114011525395,103,15
2024-04-01 09:12:00,25.15988972040725,90,15
2024-04-01 09:14:00,30.432702357956373,81,15
2024-04-01 09:16:00,32.00308446814759,99,15
2024-04-01 09:18:00,32.554601979478775,79,15
2024-04-01 09:20:00,40.93513909455803,97,15
2024-04-01 09:22:00,38.101308343412846,97,15
2024-04-01 09:24:00,31.298630242791848,97,15
2024-04-01 09:26:00,41.258579525471205,98,15
2024-04-01 09:28:00,35.830215574849234,90,15
2024-04-01 09:30:00,37.26097481410641,94,15
2024-04-01 09:32:00,38.18136175082443,82,15
2024-04-01 09:34:00,38.92944594136507,96,15
2024-04-01 09:36:00,35.76983776220479,98,15
2024-04-01 09:38:00,32.796251611460804,90,15
2024-04-01 09:40:00,37.57459843411507,116,15
2024-04-01 09:42:00,33.69658902590646,105,15
2024-04-01 09:44:00,34.21732658896958,88,15
2024-04-01 09:46:00,40.36852683967457,83,15
2024-04-01 09:48:00,40.33995727273055,95,15
2024-04-01 09:50:00,32.469837076173164,92,15
2024-04-01 09:52:00,40.481900074152385,82,15
2024-04-01 09:54:00,34.10631659675651,91,15
2024-04-01 09:56:00,37.215210458303716,106,15
2024-04-01 09:58:00,33.54176517410073,91,15
2024-04-01 10:00:00,36.05098643765805,125,15
2024-04-01 10:02:00,41.260321743620665,108,15
2024-04-01 10:04:00,44.22674859727722,95,15
2024-04-01 10:06:00,40.2926489941202,96,15
2024-04-01 10:08:00,46.762134371471305,82,15
2024-04-01 10:10:00,46.529761877973314,82,15
2024-04-01 10:12:00,42.565922494091836,104,15
2024-04-01 10:14:00,37.02037607641875,103,15
2024-04-01 10:16:00,39.346650459465216,103,15
2024-04-01 10:18:00,39.11143791317933,101,15
2024-04-01 10:20:00,38.864975568563686,104,15
2024-04-01 10:22:00,42.76241654954375,106,15
2024-04-01 10:24:00,32.374954475010014,93,15
2024-04-01 10:26:00,31.855907721300774,84,15
2024-04-01 10:28:00,35.60027725117729,91,15
2024-04-01 10:30:00,47.869441553472384,116,15
2024-04-01 10:32:00,39.453076042657614,96,15
2024-04-01 10:34:00,41.40421370258319,110,15
2024-04-01 10:36:00,46.457000519556765,99,15
2024-04-01 10:38:00,38.22723674223117,97,15
2024-04-01 10:40:00,35.44834571806314,106,15
2024-04-01 10:42:00,34.494043575400084,108,15
2024-04-01 10:44:00,41.384538126997505,121,15
2024-04-01 10:46:00,48.96346781061154,101,15
2024-04-01 10:48:00,42.64097422842752,112,15
2024-04-01 10:50:00,43.53872453955418,92,15
2024-04-01 10:52:00,39.80534835044219,107,15
2024-04-01 10:54:00,40.65661832817447,104,15
2024-04-01 10:56:00,43.36775312262981,107,15
2024-04-01 10:58:00,37.79672432977417,106,15
2024-04-01 11:00:00,43.963166161439595,97,15
2024-04-01 11:02:00,32.783665021411,90,15
2024-04-01 11:04:00,41.296661722633985,126,15
2024-04-01 11:06:00,39.721228136885955,112,15
2024-04-01 11:08:00,32.26793949744101,99,15
2024-04-01 11:10:00,37.35783942740928,104,15
2024-04-01 11:12:00,40.27346325258887,100,15
2024-04-01 11:14:00,44.647953928549626,98,15
2024-04-01 11:16:00,42.68839618094387,94,15
2024-04-01 11:18:00,42.78998317716487,93,15
2024-04-01 11:20:00,45.055326179209395,121,15
2024-04-01 11:22:00,48.92145212823876,107,15
2024-04-01 11:24:00,41.63869868204405,107,15
2024-04-01 11:26:00,38.61984036770463,115,15
2024-04-01 11:28:00,41.81099443737846,102,15
2024-04-01 11:30:00,39.24788140111896,99,15
2024-04-01 11:32:00,38.8363031385779,106,15
2024-04-01 11:34:00,21.572214714975317,105,15
2024-04-01 11:36:00,44.79550384312445,122,15
2024-04-01 11:38:00,48.021066348456976,84,15
2024-04-01 11:40:00,36.3136546207735,106,15
2024-04-01 11:42:00,42.15881328394998,104,15
2024-04-01 11:44:00,51.21448378909019,112,15
2024-04-01 11:46:00,47.111682830378385,104,15
2024-04-01 11:48:00,35.32886906095468,76,15
2024-04-01 11:50:00,48.37453610822058,106,15
2024-04-01 11:52:00,40.646733130950764,72,15
2024-04-01 11:54:00,42.409613529718335,84,15
2024-04-01 11:56:00,37.484234861448016,107,15
2024-04-01 11:58:00,48.31023773435099,95,15
2024-04-01 12:00:00,46.67788649090892,81,15
2024-04-01 12:02:00,38.38429734962054,110,15
2024-04-01 12:04:00,40.77224076929449,107,15
2024-04-01 12:06:00,34.399058782356256,106,15
2024-04-01 12:08:00,47.0592278856804,110,15
2024-04-01 12:10:00,43.18693292808057,88,15
2024-04-01 12:12:00,28.69924184243547,93,15
2024-04-01 12:14:00,39.9138681510062,108,15
2024-04-01 12:16:00,38.92538784351347,100,15
2024-04-01 12:18:00,38.38333363583463,93,15
2024-04-01 12:20:00,43.42740578410814,95,15
2024-04-01 12:22:00,36.94133580766892,95,15
2024-04-01 12:24:00,41.92428125555585,103,15
2024-04-01 12:26:00,41.29091556585158,74,15
2024-04-01 12:28:00,31.48280377433351,93,15
2024-04-01 12:30:00,31.87891942385328,78,15
2024-04-01 12:32:00,43.554497691269525,106,15
2024-04-01 12:34:00,48.53902314793327,107,15
2024-04-01 12:36:00,36.08233004085723,103,15
2024-04-01 12:38:00,41.69045810351878,105,15
2024-04-01 12:40:00,39.78884373559538,75,15
2024-04-01 12:42:00,33.56712696499078,107,15
2024-04-01 12:44:00,35.19934857655484,110,15
2024-04-01 12:46:00,48.56324581192564,95,15
2024-04-01 12:48:00,50.26746635003018,88,15
2024-04-01 12:50:00,36.67198313989163,100,15
2024-04-01 12:52:00,35.46950005399854,112,15
2024-04-01 12:54:00,42.66010208540077,109,15
2024-04-01 12:56:00,45.805774907469726,91,15
2024-04-01 12:58:00,39.714481788137284,93,15
2024-04-01 13:00:00,36.65415165572296,86,15
2024-04-01 13:02:00,40.66338714888971,105,15
2024-04-01 13:04:00,43.08179275539617,112,15
2024-04-01 13:06:00,40.08203812191556,95,15
2024-04-01 13:08:00,32.395246454068115,94,15
2024-04-01 13:10:00,46.38767741367861,94,15
2024-04-01 13:12:00,31.126419181097233,114,15
2024-04-01 13:14:00,41.54614071452467,100,15
2024-04-01 13:16:00,35.10960288742232,105,15
2024-04-01 13:18:00,48.390852103725024,103,15
2024-04-01 13:20:00,36.85320723944189,108,15
2024-04-01 13:22:00,29.093959230767656,89,15
2024-04-01 13:24:00,39.06595506234393,103,15
2024-04-01 13:26:00,36.71923206837449,99,15
2024-04-01 13:28:00,47.88879086148119,100,15
2024-04-01 13:30:00,35.432688875422336,116,15
2024-04-01 13:32:00,35.77158584828587,116,15
2024-04-01 13:34:00,41.27585999117311,114,15
2024-04-01 13:36:00,34.038718240273845,98,15
2024-04-01 13:38:00,40.87286758000492,118,15
2024-04-01 13:40:00,50.683627074537675,105,15
2024-04-01 13:42:00,41.887519992275614,90,15
2024-04-01 13:44:00,39.13494772988926,84,15
2024-04-01 13:46:00,38.288955955934675,108,15
2024-04-01 13:48:00,38.44936398398955,105,15
2024-04-01 13:50:00,40.823956957525674,95,15
2024-04-01 13:52:00,35.0534980886199,91,15
2024-04-01 13:54:00,37.39023150970483,101,15
2024-04-01 13:56:00,37.22678079454814,103,15
2024-04-01 13:58:00,37.43551274190224,92,15
2024-04-01 14:00:00,39.315067473522845,89,15
2024-04-01 14:02:00,36.70908890353157,97,15
2024-04-01 14:04:00,39.50107957715356,93,15
2024-04-01 14:06:00,45.325382852386454,99,15
2024-04-01 14:08:00,36.40561530566447,94,15
2024-04-01 14:10:00,33.168804192099536,85,15
2024-04-01 14:12:00,36.00995329265575,103,15
2024-04-01 14:14:00,44.6583667737732,89,15
2024-04-01 14:16:00,33.426924498323494,95,15
2024-04-01 14:18:00,34.053767849514934,109,15
2024-04-01 14:20:00,47.596988629668864,81,15
2024-04-01 14:22:00,37.01330149355949,99,15
2024-04-01 14:24:00,27.537721161177064,99,15
2024-04-01 14:26:00,47.83120415089329,90,15
2024-04-01 14:28:00,44.9713188747997,111,15
2024-04-01 14:30:00,29.90323700687943,87,15
2024-04-01 14:32:00,39.36811587015034,83,15
2024-04-01 14:34:00,40.31628341384404,83,15
2024-04-01 14:36:00,46.43071933425431,94,15
2024-04-01 14:38:00,35.550244974964656,94,15
2024-04-01 14:40:00,39.34574612253865,88,15
2024-04-01 14:42:00,34.611275687329666,100,15
2024-04-01 14:44:00,37.273189528704684,72,15
2024-04-01 14:46:00,37.133049941939305,86,15
2024-04-01 14:48:00,32.93565641068976,104,15
2024-04-01 14:50:00,42.22450469496776,79,15
2024-04-01 14:52:00,38.28082432760634,99,15
2024-04-01 14:54:00,32.82683628666469,84,15
2024-04-01 14:56:00,34.310065876291816,95,15
2024-04-01 14:58:00,30.34229764830285,98,15
2024-04-01 15:00:00,34.34014876028951,89,15
2024-04-01 15:02:00,35.61908115399066,80,15
2024-04-01 15:04:00,47.17473782155701,107,15
2024-04-01 15:06:00,44.683806889537934,78,15
2024-04-01 15:08:00,37.614838500372876,85,15
2024-04-01 15:10:00,39.25815304459208,88,15
2024-04-01 15:12:00,34.30398575189073,85,15
2024-04-01 15:14:00,33.1263855721591,92,15
2024-04-01 15:16:00,37.98750845497371,96,15
2024-04-01 15:18:00,45.279838712428244,98,15
2024-04-01 15:20:00,41.08118552914244,92,15
2024-04-01 15:22:00,38.676671359189264,95,15
2024-04-01 15:24:00,28.541581738791024,80,15
2024-04-01 15:26:00,26.836237567297104,102,15
2024-04-01 15:28:00,35.07639628208734,92,15
2024-04-01 15:30:00,35.03001200869526,93,15
2024-04-01 15:32:00,36.57968919498133,93,15
2024-04-01 15:34:00,36.098478139541754,97,15
2024-04-01 15:36:00,37.331337605987336,101,15
2024-04-01 15:38:00,29.526286769768337,76,15
2024-04-01 15:40:00,48.97336230014746,83,15
2024-04-01 15:42:00,32.32426057327144,85,15
2024-04-01 15:44:00,38.5505970910719,83,15
2024-04-01 15:46:00,30.150841122281175,113,15
2024-04-01 15:48:00,31.619278328459103,81,15
2024-04-01 15:50:00,31.695912352307346,94,15
2024-04-01 15:52:00,32.904878202471124,77,15
2024-04-01 15:54:00,34.90659834729076,88,15
2024-04-01 15:56:00,31.200141365348014,84,15
2024-04-01 15:58:00,30.904322243606977,80,15
2024-04-01 16:00:00,31.71854370244043,91,15
2024-04-01 16:02:00,28.53023852198068,78,15
2024-04-01 16:04:00,38.51616372736625,99,15
2024-04-01 16:06:00,34.704725614999695,85,15
2024-04-01 16:08:00,36.20553575771422,75,15
2024-04-01 16:10:00,34.964555916718226,85,15
2024-04-01 16:12:00,29.384548470305575,68,15
2024-04-01 16:14:00,30.67960742426732,69,15
2024-04-01 16:16:00,29.552295465163947,86,15
2024-04-01 16:18:00,41.22350701537442,97,15
2024-04-01 16:20:00,42.11470360628756,89,15
2024-04-01 16:22:00,29.44371172679456,74,15
2024-04-01 16:24:00,26.484813296369047,82,15
2024-04-01 16:26:00,32.08798660528267,79,15
2024-04-01 16:28:00,31.325639957333,86,15
2024-04-01 16:30:00,32.53708398932192,75,15
2024-04-01 16:32:00,39.854750025531544,88,15
2024-04-01 16:34:00,24.71682493674513,86,15
2024-04-01 16:36:00,33.77225120114228,64,15
2024-04-01 16:38:00,34.28528791774677,84,15
2024-04-01 16:40:00,31.401854635779998,92,15
2024-04-01 16:42:00,34.23066335500252,92,15
2024-04-01 16:44:00,28.833596635443314,80,15
2024-04-01 16:46:00,32.944867027533135,78,15
2024-04-01 16:48:00,23.11421003379659,90,15
2024-04-01 16:50:00,34.10383855457702,83,15
2024-04-01 16:52:00,25.948493567965723,98,15
2024-04-01 16:54:00,31.457188769428086,92,15
2024-04-01 16:56:00,25.92388129296083,78,15
2024-04-01 16:58:00,28.639631847669733,80,15
2024-04-01 17:00:00,30.086932731273297,76,15
2024-04-01 17:02:00,26.705939635000394,67,15
2024-04-01 17:04:00,37.23778914143307,98,15
2024-04-01 17:06:00,34.23252970699734,102,15
2024-04-01 17:08:00,32.918645687528624,68,15
2024-04-01 17:10:00,29.070815159979734,65,15
2024-04-01 17:12:00,25.445665740612128,76,15
2024-04-01 17:14:00,26.24435771637748,65,15
2024-04-01 17:16:00,22.38000195611126,71,15
2024-04-01 17:18:00,28.31804411338558,85,15
2024-04-01 17:20:00,20.178536681332698,74,15
2024-04-01 17:22:00,23.799894956398976,73,15
2024-04-01 17:24:00,24.109507446440162,84,15
2024-04-01 17:26:00,22.26525642511949,95,15
2024-04-01 17:28:00,28.92543038721547,76,15
2024-04-01 17:30:00,26.57865287564018,65,15
2024-04-01 17:32:00,31.108805919764055,82,15
2024-04-01 17:34:00,25.462502238687907,83,15
2024-04-01 17:36:00,34.69543453250814,78,15
2024-04-01 17:38:00,32.51341837214635,69,15
2024-04-01 17:40:00,19.294416467215363,65,15
2024-04-01 17:42:00,28.674591590430232,79,15
2024-04-01 17:44:00,28.434138602534038,62,15
2024-04-01 17:46:00,29.515791975255986,79,15
2024-04-01 17:48:00,31.63953023432062,70,15
2024-04-01 17:50:00,28.153176927412744,67,15
2024-04-01 17:52:00,27.645506138668463,81,15
2024-04-01 17:54:00,28.879705905237294,65,15
2024-04-01 17:56:00,25.447202887758596,60,15
2024-04-01 17:58:00,18.691972292883968,81,15
2024-04-01 18:00:00,25.390676244514687,80,15
2024-04-01 18:02:00,29.566051258294326,58,15
2024-04-01 18:04:00,21.766073614506524,63,15
2024-04-01 18:06:00,27.665799750147627,81,15
2024-04-01 18:08:00,28.440877006606293,60,15
2024-04-01 18:10:00,31.587086241185748,75,15
2024-04-01 18:12:00,29.288176144064202,67,15
2024-04-01 18:14:00,22.944431190293518,80,15
2024-04-01 18:16:00,27.211214172786654,62,15
2024-04-01 18:18:00,21.358143837762686,60,15
2024-04-01 18:20:00,14.158881648750347,81,15
2024-04-01 18:22:00,26.096922450607483,70,15
2024-04-01 18:24:00,11.706196004267387,88,15
2024-04-01 18:26:00,21.857159502287995,46,15
2024-04-01 18:28:00,28.463788306020177,82,15
2024-04-01 18:30:00,20.787938047445493,65,15
2024-04-01 18:32:00,26.874769401593653,81,15
2024-04-01 18:34:00,27.180765375297856,59,15
2024-04-01 18:36:00,23.780969721063027,78,15
2024-04-01 18:38:00,19.998788537341877,56,15
2024-04-01 18:40:00,29.02852530824694,75,15
2024-04-01 18:42:00,23.43259078044423,55,15
2024-04-01 18:44:00,21.978289381923787,47,15
2024-04-01 18:46:00,27.978443514220373,76,15
2024-04-01 18:48:00,19.967890120011216,72,15
2024-04-01 18:50:00,19.61359576188119,49,15
2024-04-01 18:52:00,31.69758698914048,76,15
2024-04-01 18:54:00,22.021021744837928,68,15
2024-04-01 18:56:00,19.285703700147927,63,15
2024-04-01 18:58:00,27.900235257859116,65,15
2024-04-01 19:00:00,32.606277438063046,75,15
2024-04-01 19:02:00,19.896516887348234,61,15
2024-04-01 19:04:00,21.695402369004114,55,15
2024-04-01 19:06:00,26.993052035976348,63,15
2024-04-01 19:08:00,25.791778487429525,56,15
2024-04-01 19:10:00,12.177036162501896,56,15
2024-04-01 19:12:00,18.81424617505531,69,15
2024-04-01 19:14:00,21.404489307297816,53,15
2024-04-01 19:16:00,23.93917821160125,75,15
2024-04-01 19:18:00,18.494474149051754,78,15
2024-04-01 19:20:00,19.855609408737017,49,15
2024-04-01 19:22:00,22.000528750224916,58,15
2024-04-01 19:24:00,22.061308266261253,63,15
2024-04-01 19:26:00,24.850416190329625,60,15
2024-04-01 19:28:00,17.61681914656183,78,15
2024-04-01 19:30:00,22.077676965325438,58,15
2024-04-01 19:32:00,18.864765674853388,59,15
2024-04-01 19:34:00,23.84828051614247,51,15
2024-04-01 19:36:00,25.447063588550197,63,15
2024-04-01 19:38:00,12.28293285895424,35,15
2024-04-01 19:40:00,26.49783882329657,51,15
2024-04-01 19:42:00,15.98894053086363,49,15
2024-04-01 19:44:00,28.206672227155956,44,15
2024-04-01 19:46:00,13.95975760450479,46,15
2024-04-01 19:48:00,24.842549874732022,66,15
2024-04-01 19:50:00,17.012810256147027,63,15
2024-04-01 19:52:00,7.383736492883859,50,10
2024-04-01 19:54:00,18.37545055553873,58,15
2024-04-01 19:56:00,18.15913426854591,67,15
2024-04-01 19:58:00,16.470801892026145,65,15
2024-04-01 20:00:00,12.820034623781241,53,15
2024-04-01 20:02:00,23.965684856092516,66,15
2024-04-01 20:04:00,15.780725584811085,64,15
2024-04-01 20:06:00,11.1648673759576,45,15
2024-04-01 20:08:00,10.321996302382722,63,14
2024-04-01 20:10:00,23.337816390964775,57,15
2024-04-01 20:12:00,12.136765893934284,60,15
2024-04-01 20:14:00,12.653186937270767,75,15
2024-04-01 20:16:00,13.90780033268447,61,15
2024-04-01 20:18:00,15.362528755050398,53,15
2024-04-01 20:20:00,19.65084429225412,57,15
2024-04-01 20:22:00,20.586095326832016,45,15
2024-04-01 20:24:00,20.49717050077534,39,15
2024-04-01 20:26:00,25.448053210482477,51,15
2024-04-01 20:28:00,20.083639504689206,44,15
2024-04-01 20:30:00,24.870662405928577,50,15
2024-04-01 20:32:00,13.492667098745091,54,15
2024-04-01 20:34:00,13.429613067628217,67,15
2024-04-01 20:36:00,16.4761247393393,58,15
2024-04-01 20:38:00,21.99493397359911,43,15
2024-04-01 20:40:00,15.391417693130581,72,15
2024-04-01 20:42:00,9.913128464242213,53,13
2024-04-01 20:44:00,19.127521976847113,47,15
2024-04-01 20:46:00,17.67795205265576,53,15
2024-04-01 20:48:00,18.61983638615913,43,15
2024-04-01 20:50:00,24.097146842427843,61,15
2024-04-01 20:52:00,12.875660078065394,51,15
2024-04-01 20:54:00,8.545464101599133,47,12
2024-04-01 20:56:00,13.972098491750353,49,15
2024-04-01 20:58:00,15.313880064716917,53,15
2024-04-01 21:00:00,11.65750814918987,73,15
2024-04-01 21:02:00,14.796700769551462,48,15
2024-04-01 21:04:00,14.38739995052997,52,15
2024-04-01 21:06:00,18.290580843500884,45,15
2024-04-01 21:08:00,17.162444910755227,57,15
2024-04-01 21:10:00,9.841580319615689,36,13
2024-04-01 21:12:00,16.32576377867627,39,15
2024-04-01 21:14:00,12.771655346460504,55,15
2024-04-01 21:16:00,16.389510670643574,42,15
2024-04-01 21:18:00,11.63438728979985,48,15
2024-04-01 21:20:00,16.833363657174523,49,15
2024-04-01 21:22:00,21.2320951352115,54,15
2024-04-01 21:24:00,1.171908683340959,36,2
2024-04-01 21:26:00,13.338503586126006,50,15
2024-04-01 21:28:00,13.09795076283943,48,15
2024-04-01 21:30:00,22.276340764925017,37,15
2024-04-01 21:32:00,22.16150645731927,39,15
2024-04-01 21:34:00,10.997233280421096,53,15
2024-04-01 21:36:00,14.158965043361345,55,15
2024-04-01 21:38:00,2.5886354298634675,45,4
2024-04-01 21:40:00,16.768360248335938,46,15
2024-04-01 21:42:00,15.467303016378064,40,15
2024-04-01 21:44:00,14.991500869595136,52,15
2024-04-01 21:46:00,19.60195366259287,43,15
2024-04-01 21:48:00,9.14850174657666,45,12
2024-04-01 21:50:00,10.75615609774009,37,14
2024-04-01 21:52:00,8.000599529905791,61,11
2024-04-01 21:54:00,14.984033345567621,56,15
2024-04-01 21:56:00,10.586118326817694,51,14
2024-04-01 21:58:00,0.1,62,1
2024-04-01 22:00:00,15.642759908763672,47,15
2024-04-01 22:02:00,6.945560079474796,48,10
2024-04-01 22:04:00,20.941157897251536,58,15
2024-04-01 22:06:00,12.259718733247047,44,15
2024-04-01 22:08:00,5.556358119444946,38,8
2024-04-01 22:10:00,22.870722234119242,54,15
2024-04-01 22:12:00,0.7480201271721345,50,2
2024-04-01 22:14:00,14.587467073945769,20,15
2024-04-01 22:16:00,21.93455419132719,29,15
2024-04-01 22:18:00,9.64661495678106,39,13
2024-04-01 22:20:00,7.551391964216017,55,11
2024-04-01 22:22:00,5.501283147943662,60,8
2024-04-01 22:24:00,9.150079214774252,47,12
2024-04-01 22:26:00,6.515204777884034,44,9
2024-04-01 22:28:00,8.68348139768282,45,12
2024-04-01 22:30:00,10.591793547612161,52,14
2024-04-01 22:32:00,7.55584205053972,42,10
2024-04-01 22:34:00,11.026858486262748,39,15
2024-04-01 22:36:00,14.557566111178199,44,15
2024-04-01 22:38:00,6.043795935492333,32,8
2024-04-01 22:40:00,16.21579919504859,45,15
2024-04-01 22:42:00,3.9353049267223623,46,6
2024-04-01 22:44:00,1.7899050675501833,40,3
2024-04-01 22:46:00,13.267406470866163,34,15
2024-04-01 22:48:00,4.075296281469788,44,6
2024-04-01 22:50:00,12.630258757977145,56,15
2024-04-01 22:52:00,18.643982360403193,48,15
2024-04-01 22:54:00,14.724883740046801,36,15
2024-04-01 22:56:00,5.7408112245824725,36,8
2024-04-01 22:58:00,11.822620130816658,55,15
2024-04-01 23:00:00,17.833060169904606,43,15
2024-04-01 23:02:00,10.323808679039834,55,14
2024-04-01 23:04:00,5.756482543140086,69,9
2024-04-01 23:06:00,17.669331154773737,40,15
2024-04-01 23:08:00,5.362921778909541,50,8
2024-04-01 23:10:00,11.453131052263283,45,15
2024-04-01 23:12:00,3.7649795596520645,40,6
2024-04-01 23:14:00,16.440726021482934,27,15
2024-04-01 23:16:00,4.492876014104225,64,7
2024-04-01 23:18:00,1.1340355425566297,72,3
2024-04-01 23:20:00,15.43369994397073,47,15
2024-04-01 23:22:00,10.198467690465293,32,13
2024-04-01 23:24:00,15.675284680462,32,15
2024-04-01 23:26:00,15.158506078766326,25,15
2024-04-01 23:28:00,12.185547289605276,30,15
2024-04-01 23:30:00,2.546792863137208,52,4
2024-04-01 23:32:00,14.355537527507071,53,15
2024-04-01 23:34:00,20.196228050790033,48,15
2024-04-01 23:36:00,5.646417207504335,36,8
2024-04-01 23:38:00,11.147936276914372,24,14
2024-04-01 23:40:00,18.87041579400526,50,15
2024-04-01 23:42:00,12.854753212575519,43,15
2024-04-01 23:44:00,9.813648021571883,34,13
2024-04-01 23:46:00,14.943291348819628,49,15
2024-04-01 23:48:00,5.366713352504718,44,8
2024-04-01 23:50:00,13.487464411593095,53,15
2024-04-01 23:52:00,2.556298735515089,51,4
2024-04-01 23:54:00,13.767885583642212,36,15
2024-04-01 23:56:00,17.823147116653846,28,15
2024-04-01 23:58:00,20.106793522431467,46,15
2024-04-02 00:00:00,20.10980315582708,43,15
2024-04-02 00:02:00,2.2358171560835434,49,4
2024-04-02 00:04:00,8.517519297178458,42,11
2024-04-02 00:06:00,11.685034361780609,53,15
2024-04-02 00:08:00,7.455466884806787,37,10
2024-04-02 00:10:00,1.541646402908066,25,2
2024-04-02 00:12:00,5.781456066134095,54,8
2024-04-02 00:14:00,15.796645718669932,24,15
2024-04-02 00:16:00,9.3590676411129,43,13
2024-04-02 00:18:00,15.247390983426081,58,15
2024-04-02 00:20:00,10.244865278499809,41,14
2024-04-02 00:22:00,8.55095051897977,49,12
2024-04-02 00:24:00,10.540369869667852,49,14
2024-04-02 00:26:00,13.761953413635002,41,15
2024-04-02 00:28:00,6.0951589722730874,43,8
2024-04-02 00:30:00,5.2886398579697005,48,8
2024-04-02 00:32:00,3.9417197879641197,49,6
2024-04-02 00:34:00,12.744702569967707,50,15
2024-04-02 00:36:00,11.01961655039436,32,14
2024-04-02 00:38:00,13.155073624914746,34,15
2024-04-02 00:40:00,16.36766322289848,20,15
2024-04-02 00:42:00,12.059716291370068,47,15
2024-04-02 00:44:00,18.836584907393522,39,15
2024-04-02 00:46:00,1.3604934115697862,57,3
2024-04-02 00:48:00,11.737548795422125,49,15
2024-04-02 00:50:00,0.1,28,1
2024-04-02 00:52:00,7.012418283012863,40,10
2024-04-02 00:54:00,9.96832067123578,52,14
2024-04-02 00:56:00,7.804813195008102,43,11
2024-04-02 00:58:00,15.577001103242319,57,15
2024-04-02 01:00:00,12.764687698525512,54,15
2024-04-02 01:02:00,9.57461178035397,55,13
2024-04-02 01:04:00,12.404287233905478,35,15
2024-04-02 01:06:00,6.585451875388103,47,9
2024-04-02 01:08:00,4.418207993848626,64,7
2024-04-02 01:10:00,15.874652663095981,48,15
2024-04-02 01:12:00,15.65758561919454,43,15
2024-04-02 01:14:00,9.015602674330749,45,12
2024-04-02 01:16:00,10.39303625013417,25,13
2024-04-02 01:18:00,5.75088822114375,35,8
2024-04-02 01:20:00,6.326365136907101,43,9
2024-04-02 01:22:00,2.203836458745899,57,4
2024-04-02 01:24:00,3.693477966372111,54,6
2024-04-02 01:26:00,5.918581644570562,44,8
2024-04-02 01:28:00,10.388459951258064,53,14
2024-04-02 01:30:00,17.96002251355051,64,15
2024-04-02 01:32:00,11.755132562575493,27,15
2024-04-02 01:34:00,12.825883889484594,14,15
2024-04-02 01:36:00,6.095959633790118,37,8
2024-04-02 01:38:00,10.144579730091028,37,13
2024-04-02 01:40:00,15.506238648900503,29,15
2024-04-02 01:42:00,14.267217803346082,54,15
2024-04-02 01:44:00,11.960334391259686,43,15
2024-04-02 01:46:00,13.092164815169397,39,15
2024-04-02 01:48:00,0.1,54,1
2024-04-02 01:50:00,9.538025205288518,57,13
2024-04-02 01:52:00,12.004019805612598,57,15
2024-04-02 01:54:00,11.95156593713632,38,15
2024-04-02 01:56:00,8.774346580245401,47,12
2024-04-02 01:58:00,14.892700076464754,63,15
2024-04-02 02:00:00,12.83771475479042,59,15
2024-04-02 02:02:00,10.841219408957668,49,15
2024-04-02 02:04:00,11.033885583497193,50,15
2024-04-02 02:06:00,13.558920822173791,48,15
2024-04-02 02:08:00,11.699799192256961,49,15
2024-04-02 02:10:00,11.037108796618003,55,15
2024-04-02 02:12:00,14.266073751590111,49,15
2024-04-02 02:14:00,7.2860448918596745,48,10
2024-04-02 02:16:00,16.918664511512755,45,15
2024-04-02 02:18:00,15.531373543373125,55,15
2024-04-02 02:20:00,14.135113113914256,56,15
2024-04-02 02:22:00,15.141074172271438,57,15
2024-04-02 02:24:00,19.958203613399874,33,15
2024-04-02 02:26:00,8.753887745759153,45,12
2024-04-02 02:28:00,15.636379529186119,39,15
2024-04-02 02:30:00,8.205004417726197,46,11
2024-04-02 02:32:00,15.866783043530104,46,15
2024-04-02 02:34:00,12.927449812948225,35,15
2024-04-02 02:36:00,14.663084669434719,42,15
2024-04-02 02:38:00,7.421855703378391,40,10
2024-04-02 02:40:00,11.193227009196235,36,15
2024-04-02 02:42:00,9.697698979807793,55,13
2024-04-02 02:44:00,14.152525041692407,50,15
2024-04-02 02:46:00,8.004203326856858,34,11
2024-04-02 02:48:00,12.296415525740562,39,15
2024-04-02 02:50:00,11.143996404787806,66,15
2024-04-02 02:52:00,9.421390667629446,54,13
2024-04-02 02:54:00,25.79418980651758,62,15
2024-04-02 02:56:00,22.258048100686306,42,15
2024-04-02 02:58:00,3.9438736081920656,50,6
2024-04-02 03:00:00,21.052521784902382,66,15
2024-04-02 03:02:00,15.311318532438964,32,15
2024-04-02 03:04:00,9.901949373429778,64,14
2024-04-02 03:06:00,20.114523838395233,70,15
2024-04-02 03:08:00,18.491813638956973,49,15
2024-04-02 03:10:00,19.421494388195356,58,15
2024-04-02 03:12:00,15.06778221171601,56,15
2024-04-02 03:14:00,12.63930495903035,54,15
2024-04-02 03:16:00,20.985385569811623,46,15
2024-04-02 03:18:00,20.60381057852578,56,15
2024-04-02 03:20:00,19.906859014989823,53,15
2024-04-02 03:22:00,17.503043731697808,41,15
2024-04-02 03:24:00,18.042812902615093,54,15
2024-04-02 03:26:00,20.419211351236626,52,15
2024-04-02 03:28:00,19.627512824548596,54,15
2024-04-02 03:30:00,21.32215286010701,58,15
2024-04-02 03:32:00,24.738734708342584,59,15
2024-04-02 03:34:00,20.70431543493055,66,15
2024-04-02 03:36:00,15.702314815840259,55,15
2024-04-02 03:38:00,24.158955147675137,49,15
2024-04-02 03:40:00,15.799711267067321,64,15
2024-04-02 03:42:00,17.8381163673279,49,15
2024-04-02 03:44:00,16.650947184940502,78,15
2024-04-02 03:46:00,8.869278748522873,49,12
2024-04-02 03:48:00,24.674917056300917,42,15
2024-04-02 03:50:00,13.672561853521152,47,15
2024-04-02 03:52:00,19.57004671552023,45,15
2024-04-02 03:54:00,16.562884177643078,53,15
2024-04-02 03:56:00,12.565263513314443,60,15
2024-04-02 03:58:00,29.281133448420945,49,15
2024-04-02 04:00:00,11.288008975994735,63,15
2024-04-02 04:02:00,14.855677805741623,56,15
2024-04-02 04:04:00,20.953923404069794,63,15
2024-04-02 04:06:00,16.07860086905386,50,15
2024-04-02 04:08:00,27.587031316737853,60,15
2024-04-02 04:10:00,12.287394081997245,62,15
2024-04-02 04:12:00,16.212190873327373,84,15
2024-04-02 04:14:00,19.60002103378832,45,15
2024-04-02 04:16:00,14.770780743604387,43,15
2024-04-02 04:18:00,23.111488083882087,72,15
2024-04-02 04:20:00,21.99532857026314,74,15
2024-04-02 04:22:00,18.781367262879627,61,15
2024-04-02 04:24:00,19.559119899239082,71,15
2024-04-02 04:26:00,10.268328186079763,68,14
2024-04-02 04:28:00,21.075757741121443,46,15
2024-04-02 04:30:00,16.64643690218797,68,15
2024-04-02 04:32:00,20.654980470327402,70,15
2024-04-02 04:34:00,18.34144218998488,46,15
2024-04-02 04:36:00,26.012913405406664,70,15
2024-04-02 04:38:00,15.047778462690989,72,15
2024-04-02 04:40:00,28.10631725040601,75,15
2024-04-02 04:42:00,15.726087414264743,76,15
2024-04-02 04:44:00,18.684938069281458,58,15
2024-04-02 04:46:00,20.62455030047268,71,15
2024-04-02 04:48:00,22.323499292263435,60,15
2024-04-02 04:50:00,22.62405310566632,47,15
2024-04-02 04:52:00,19.1475984292577,78,15
2024-04-02 04:54:00,20.31079951891961,62,15
2024-04-02 04:56:00,15.557075816304886,60,15
2024-04-02 04:58:00,26.42193489728732,77,15
2024-04-02 05:00:00,15.688016445857038,52,15
2024-04-02 05:02:00,14.133139951654385,56,15
2024-04-02 05:04:00,19.36007255754948,80,15
2024-04-02 05:06:00,20.36082978487623,62,15
2024-04-02 05:08:00,24.80165734926413,74,15
2024-04-02 05:10:00,17.903075159424226,54,15
2024-04-02 05:12:00,15.02690155227025,49,15
2024-04-02 05:14:00,26.91975052203687,66,15
2024-04-02 05:16:00,25.16004340373973,55,15
2024-04-02 05:18:00,27.269157953110177,71,15
2024-04-02 05:20:00,23.75518922804057,59,15
2024-04-02 05:22:00,26.895999176906546,50,15
2024-04-02 05:24:00,27.45814897583284,56,15
2024-04-02 05:26:00,25.205542193382165,54,15
2024-04-02 05:28:00,27.137845877076295,77,15
2024-04-02 05:30:00,15.675554933314546,67,15
2024-04-02 05:32:00,20.47300993276057,93,15
2024-04-02 05:34:00,31.481850158662482,76,15
2024-04-02 05:36:00,25.130188912687384,77,15
2024-04-02 05:38:00,27.29725284900799,44,15
2024-04-02 05:40:00,25.43629432556036,65,15
2024-04-02 05:42:00,20.822742422448,70,15
2024-04-02 05:44:00,24.819750407167497,75,15
2024-04-02 05:46:00,25.622365813583098,54,15
2024-04-02 05:48:00,26.537687326774424,78,15
2024-04-02 05:50:00,24.886271986557198,59,15
2024-04-02 05:52:00,22.18083426699014,46,15
2024-04-02 05:54:00,22.518663094255256,68,15
2024-04-02 05:56:00,31.123929222045064,73,15
2024-04-02 05:58:00,21.95608196881207,78,15
2024-04-02 06:00:00,29.735600428969306,80,15
2024-04-02 06:02:00,27.039855823702435,50,15
2024-04-02 06:04:00,26.19458154386199,75,15
2024-04-02 06:06:00,30.09893367284711,70,15
2024-04-02 06:08:00,34.68841158326278,69,15
2024-04-02 06:10:00,28.681778316820424,85,15
2024-04-02 06:12:00,19.92426542452964,80,15
2024-04-02 06:14:00,39.427173200267156,71,15
2024-04-02 06:16:00,20.68835205141215,97,15
2024-04-02 06:18:00,18.84265765893174,77,15
2024-04-02 06:20:00,33.06488947248942,68,15
2024-04-02 06:22:00,27.720805696608252,83,15
2024-04-02 06:24:00,23.391463438680873,76,15
2024-04-02 06:26:00,20.0942908008272,86,15
2024-04-02 06:28:00,33.864819972392695,81,15
2024-04-02 06:30:00,26.05773300985929,75,15
2024-04-02 06:32:00,29.536943164037226,62,15
2024-04-02 06:34:00,26.677493717440385,85,15
2024-04-02 06:36:00,27.538878048381147,77,15
2024-04-02 06:38:00,26.187047001066937,75,15
2024-04-02 06:40:00,24.645245942072645,83,15
2024-04-02 06:42:00,20.236538142796704,87,15
2024-04-02 06:44:00,31.66921313032412,81,15
2024-04-02 06:46:00,35.37498118480601,88,15
2024-04-02 06:48:00,24.419006179199837,89,15
2024-04-02 06:50:00,29.38900619342953,84,15
2024-04-02 06:52:00,31.81806251978572,84,15
2024-04-02 06:54:00,25.151053769774844,72,15
2024-04-02 06:56:00,35.885899151792316,78,15
2024-04-02 06:58:00,33.23759391580507,67,15
2024-04-02 07:00:00,23.04095888178356,92,15
2024-04-02 07:02:00,22.959240714410456,95,15
2024-04-02 07:04:00,44.11873780477623,90,15
2024-04-02 07:06:00,31.680210045208,82,15
2024-04-02 07:08:00,36.13167492814932,65,15
2024-04-02 07:10:00,24.74571808261436,75,15
2024-04-02 07:12:00,36.99288439331235,78,15
2024-04-02 07:14:00,34.31773092753717,88,15
2024-04-02 07:16:00,32.691024433431394,81,15
2024-04-02 07:18:00,39.6473000488388,90,15
2024-04-02 07:20:00,28.392127541131316,82,15
2024-04-02 07:22:00,28.71885809792368,94,15
2024-04-02 07:24:00,35.966953188312445,79,15
2024-04-02 07:26:00,30.828994728960783,81,15
2024-04-02 07:28:00,31.58378039562915,73,15
2024-04-02 07:30:00,35.40719246487175,79,15
2024-04-02 07:32:00,27.28205607216225,72,15
2024-04-02 07:34:00,33.98461706163572,79,15
2024-04-02 07:36:00,35.12501314008144,80,15
2024-04-02 07:38:00,38.4612962687965,74,15
2024-04-02 07:40:00,27.558506421889728,74,15
2024-04-02 07:42:00,32.65267074298614,85,15
2024-04-02 07:44:00,29.617223481722878,86,15
2024-04-02 07:46:00,33.98073766878235,70,15
2024-04-02 07:48:00,31.960186818060425,87,15
2024-04-02 07:50:00,20.895184510931074,82,15
2024-04-02 07:52:00,37.763809985118755,81,15
2024-04-02 07:54:00,28.93215139302219,56,15
2024-04-02 07:56:00,36.883325132408736,79,15
2024-04-02 07:58:00,30.265911902107348,77,15
2024-04-02 08:00:00,32.547415513420084,79,15
2024-04-02 08:02:00,38.603109304646075,82,15
2024-04-02 08:04:00,32.0636960397172,100,15
2024-04-02 08:06:00,38.566792319203124,91,15
2024-04-02 08:08:00,42.469871801681016,83,15
2024-04-02 08:10:00,39.53102190682627,103,15
2024-04-02 08:12:00,34.94742498437059,81,15
2024-04-02 08:14:00,40.24538635031017,109,15
2024-04-02 08:16:00,28.791681219322356,105,15
2024-04-02 08:18:00,21.9607062751927,94,15
2024-04-02 08:20:00,32.0408207112718,99,15
2024-04-02 08:22:00,38.7497597488223,97,15
2024-04-02 08:24:00,31.23796390173476,100,15
2024-04-02 08:26:00,45.15628888738297,93,15
2024-04-02 08:28:00,26.547357431145556,73,15
2024-04-02 08:30:00,40.64821940872049,92,15
2024-04-02 08:32:00,37.16371670256367,91,15
2024-04-02 08:34:00,38.6624610892446,113,15
2024-04-02 08:36:00,31.759995187416404,111,15
2024-04-02 08:38:00,28.779727526752424,90,15
2024-04-02 08:40:00,40.07115172434278,94,15
2024-04-02 08:42:00,42.20175839962293,104,15
2024-04-02 08:44:00,44.09234053164408,100,15
2024-04-02 08:46:00,27.616201927081256,92,15
2024-04-02 08:48:00,30.370392647990418,64,15
2024-04-02 08:50:00,36.70639099109766,107,15
2024-04-02 08:52:00,39.99034764976404,97,15
2024-04-02 08:54:00,35.61069144189211,103,15
2024-04-02 08:56:00,35.089542072411795,115,15
2024-04-02 08:58:00,43.29653092921224,84,15
2024-04-02 09:00:00,33.9130940360985,80,15
2024-04-02 09:02:00,28.71546535539332,89,15
2024-04-02 09:04:00,44.11174401450127,90,15
2024-04-02 09:06:00,36.205016470653575,107,15
2024-04-02 09:08:00,33.32569642113643,83,15
2024-04-02 09:10:00,46.641634625757916,104,15
2024-04-02 09:12:00,31.114895077825814,100,15
2024-04-02 09:14:00,42.042119128874454,101,15
2024-04-02 09:16:00,34.50752325590823,83,15
2024-04-02 09:18:00,45.42055897101346,87,15
2024-04-02 09:20:00,27.507968299140646,104,15
2024-04-02 09:22:00,38.96351855441966,74,15
2024-04-02 09:24:00,39.40326151035941,89,15
2024-04-02 09:26:00,33.256544759552774,92,15
2024-04-02 09:28:00,44.4889193572147,85,15
2024-04-02 09:30:00,35.541748757457555,102,15
2024-04-02 09:32:00,29.550188418596193,92,15
2024-04-02 09:34:00,38.52826393440394,94,15
2024-04-02 09:36:00,40.06943966817945,108,15
2024-04-02 09:38:00,40.22103360302338,77,15
2024-04-02 09:40:00,33.33751573485757,72,15
2024-04-02 09:42:00,39.31531982642769,111,15
2024-04-02 09:44:00,44.64727679954592,95,15
2024-04-02 09:46:00,27.05528771915753,103,15
2024-04-02 09:48:00,38.11391658294509,99,15
2024-04-02 09:50:00,46.26162224698958,91,15
2024-04-02 09:52:00,33.51942783982604,108,15
2024-04-02 09:54:00,38.85448358469046,115,15
2024-04-02 09:56:00,43.123959973728404,106,15
2024-04-02 09:58:00,36.0353594173294,131,15
2024-04-02 10:00:00,38.37419175638066,97,15
2024-04-02 10:02:00,43.7715913034676,90,15
2024-04-02 10:04:00,44.24864906995505,91,15
2024-04-02 10:06:00,37.35012627362641,110,15
2024-04-02 10:08:00,50.66947769355161,109,15
2024-04-02 10:10:00,29.786479105776834,86,15
2024-04-02 10:12:00,31.245474939542525,115,15
2024-04-02 10:14:00,41.16539516959498,108,15
2024-04-02 10:16:00,38.456126232225536,98,15
2024-04-02 10:18:00,39.96737133858186,97,15
2024-04-02 10:20:00,37.689838085385695,105,15
2024-04-02 10:22:00,31.962472508380365,109,15
2024-04-02 10:24:00,37.90307083109528,114,15
2024-04-02 10:26:00,33.348447744640744,120,15
2024-04-02 10:28:00,35.71366455420265,79,15
2024-04-02 10:30:00,50.01210719364998,104,15
2024-04-02 10:32:00,41.12707776887683,83,15
2024-04-02 10:34:00,42.96588885829887,101,15
2024-04-02 10:36:00,41.527637366955744,102,15
2024-04-02 10:38:00,36.7332242510485,101,15
2024-04-02 10:40:00,43.643837767353475,116,15
2024-04-02 10:42:00,49.013071787556584,106,15
2024-04-02 10:44:00,40.13824588811116,97,15
2024-04-02 10:46:00,45.35279410589051,99,15
2024-04-02 10:48:00,36.84339250287666,108,15
2024-04-02 10:50:00,47.65342527222981,99,15
2024-04-02 10:52:00,38.043023186647694,90,15
2024-04-02 10:54:00,37.2758808120276,91,15
2024-04-02 10:56:00,33.87651469851732,103,15
2024-04-02 10:58:00,45.26894681105132,102,15
2024-04-02 11:00:00,40.67902634680088,86,15
2024-04-02 11:02:00,39.97707020160587,87,15
2024-04-02 11:04:00,46.35160932527524,118,15
2024-04-02 11:06:00,45.36057255638746,90,15
2024-04-02 11:08:00,40.57318476674982,116,15
2024-04-02 11:10:00,36.36802489500638,111,15
2024-04-02 11:12:00,37.86996165351149,119,15
2024-04-02 11:14:00,44.073143128575296,89,15
2024-04-02 11:16:00,38.74879213240232,97,15
2024-04-02 11:18:00,44.9119508839878,100,15
2024-04-02 11:20:00,40.524493864515335,110,15
2024-04-02 11:22:00,49.80769916184253,119,15
2024-04-02 11:24:00,39.1407585956875,104,15
2024-04-02 11:26:00,33.40401493024953,124,15
2024-04-02 11:28:00,34.94142977877419,102,15
2024-04-02 11:30:00,44.72420984569212,91,15
2024-04-02 11:32:00,43.74501227778589,93,15
2024-04-02 11:34:00,37.47147268022629,112,15
2024-04-02 11:36:00,37.246845635164966,107,15
2024-04-02 11:38:00,38.76340286983847,106,15
2024-04-02 11:40:00,41.91544506527147,110,15
2024-04-02 11:42:00,36.87805547824074,90,15
2024-04-02 11:44:00,41.05717457118301,104,15
2024-04-02 11:46:00,49.37337669318156,106,15
2024-04-02 11:48:00,47.223605771657304,106,15
2024-04-02 11:50:00,35.28989321515788,104,15
2024-04-02 11:52:00,37.975282955495494,102,15
2024-04-02 11:54:00,37.852041991890644,111,15
2024-04-02 11:56:00,38.254214493676386,113,15
2024-04-02 11:58:00,46.9116784867364,115,15
2024-04-02 12:00:00,50.62439636718315,113,15
2024-04-02 12:02:00,39.24284282251413,94,15
2024-04-02 12:04:00,31.322393240984425,102,15
2024-04-02 12:06:00,44.12972906992306,103,15
2024-04-02 12:08:00,46.65102322483125,100,15
2024-04-02 12:10:00,41.55665580296698,94,15
2024-04-02 12:12:00,33.7070916936477,91,15
2024-04-02 12:14:00,41.6347082401438,93,15
2024-04-02 12:16:00,41.854787946515835,103,15
2024-04-02 12:18:00,43.20082110462133,104,15
2024-04-02 12:20:00,47.225371224955026,101,15
2024-04-02 12:22:00,35.49057978856437,99,15
2024-04-02 12:24:00,39.859938575837624,98,15
2024-04-02 12:26:00,49.09166083434191,126,15
2024-04-02 12:28:00,39.68022079907701,104,15
2024-04-02 12:30:00,50.331508850951856,118,15
2024-04-02 12:32:00,30.48426802130371,93,15
2024-04-02 12:34:00,47.066215526595144,119,15
2024-04-02 12:36:00,44.141668672365554,104,15
2024-04-02 12:38:00,29.870001006094597,101,15
2024-04-02 12:40:00,39.62767507233522,96,15
2024-04-02 12:42:00,48.95156003189153,106,15
2024-04-02 12:44:00,45.79006938631694,109,15
2024-04-02 12:46:00,34.33831913299143,100,15
2024-04-02 12:48:00,40.11616803735161,92,15
2024-04-02 12:50:00,38.92837753894484,104,15
2024-04-02 12:52:00,35.64245019417975,106,15
2024-04-02 12:54:00,45.428546583540914,87,15
2024-04-02 12:56:00,41.77931895618857,106,15
2024-04-02 12:58:00,42.59820434986962,104,15
2024-04-02 13:00:00,33.223584360661,94,15
2024-04-02 13:02:00,34.026552698078135,98,15
2024-04-02 13:04:00,43.63979045239075,127,15
2024-04-02 13:06:00,40.016566541524014,120,15
2024-04-02 13:08:00,42.28157893029717,99,15
2024-04-02 13:10:00,41.45951651860834,83,15
2024-04-02 13:12:00,32.30520025166258,97,15
2024-04-02 13:14:00,37.03275805029778,89,15
2024-04-02 13:16:00,42.959778846913714,107,15
2024-04-02 13:18:00,41.55773309330499,96,15
2024-04-02 13:20:00,48.876427310567095,99,15
2024-04-02 13:22:00,49.586969186133004,106,15
2024-04-02 13:24:00,42.688760322348,113,15
2024-04-02 13:26:00,37.84410755312221,95,15
2024-04-02 13:28:00,32.84867119745435,83,15
2024-04-02 13:30:00,38.18091322364531,90,15
2024-04-02 13:32:00,39.043058950114165,90,15
2024-04-02 13:34:00,43.33280311030792,99,15
2024-04-02 13:36:00,46.04924220882023,85,15
2024-04-02 13:38:00,41.350441588482646,117,15
2024-04-02 13:40:00,44.879037960708615,88,15
2024-04-02 13:42:00,31.844251559900446,135,15
2024-04-02 13:44:00,35.61364566339245,101,15
2024-04-02 13:46:00,41.760263030793666,101,15
2024-04-02 13:48:00,39.974708593957914,115,15
2024-04-02 13:50:00,44.436426672237424,126,15
2024-04-02 13:52:00,39.69551437623066,86,15
2024-04-02 13:54:00,38.634949337302395,102,15
2024-04-02 13:56:00,44.65612772287616,105,15
2024-04-02 13:58:00,42.16500164799306,102,15
2024-04-02 14:00:00,37.18099265724603,95,15
2024-04-02 14:02:00,37.51544122343704,98,15
2024-04-02 14:04:00,34.75128781405656,102,15
2024-04-02 14:06:00,38.75910755613857,93,15
2024-04-02 14:08:00,41.130035677066665,118,15
2024-04-02 14:10:00,47.539376051390526,99,15
2024-04-02 14:12:00,34.38080251529139,87,15
2024-04-02 14:14:00,33.6650544317084,102,15
2024-04-02 14:16:00,45.52512139472021,104,15
2024-04-02 14:18:00,42.28013506808091,97,15
2024-04-02 14:20:00,30.77196451919207,84,15
2024-04-02 14:22:00,45.240000823831856,98,15
2024-04-02 14:24:00,45.030812990930926,76,15
2024-04-02 14:26:00,39.85756779170703,90,15
2024-04-02 14:28:00,35.223642320822265,81,15
2024-04-02 14:30:00,45.45017143428437,86,15
2024-04-02 14:32:00,30.640855475430378,99,15
2024-04-02 14:34:00,32.16193718849429,82,15
2024-04-02 14:36:00,32.481701631196316,107,15
2024-04-02 14:38:00,37.262725189358925,99,15
2024-04-02 14:40:00,33.68975768848158,109,15
2024-04-02 14:42:00,37.858748226254214,99,15
2024-04-02 14:44:00,35.16648602137791,122,15
2024-04-02 14:46:00,32.54615793325681,103,15
2024-04-02 14:48:00,43.65867827098566,83,15
2024-04-02 14:50:00,31.899284018349064,98,15
2024-04-02 14:52:00,33.50950172181475,84,15
2024-04-02 14:54:00,43.16229790203299,84,15
2024-04-02 14:56:00,40.69096849542625,91,15
2024-04-02 14:58:00,35.66019755764724,115,15
2024-04-02 15:00:00,34.133679233465436,98,15
2024-04-02 15:02:00,37.12868216660523,95,15
2024-04-02 15:04:00,38.62356865258565,96,15
2024-04-02 15:06:00,27.214904344451693,76,15
2024-04-02 15:08:00,33.57600463149759,90,15
2024-04-02 15:10:00,31.204199548835227,83,15
2024-04-02 15:12:00,36.26536206519834,105,15
2024-04-02 15:14:00,35.872295931111324,73,15
2024-04-02 15:16:00,36.208258807631054,80,15
2024-04-02 15:18:00,37.286496511073324,106,15
2024-04-02 15:20:00,37.96976558057839,81,15
2024-04-02 15:22:00,36.92675390943306,106,15
2024-04-02 15:24:00,26.80039490829351,98,15
2024-04-02 15:26:00,27.995199446543054,84,15
2024-04-02 15:28:00,44.456877550476655,100,15
2024-04-02 15:30:00,24.168040369909388,85,15
2024-04-02 15:32:00,30.48241199402975,77,15
2024-04-02 15:34:00,42.32318144106168,89,15
2024-04-02 15:36:00,30.197932411514692,97,15
2024-04-02 15:38:00,40.15658535666187,83,15
2024-04-02 15:40:00,27.233334123574785,107,15
2024-04-02 15:42:00,36.41762693362087,69,15
2024-04-02 15:44:00,37.235692549900556,86,15
2024-04-02 15:46:00,28.26423038774571,101,15
2024-04-02 15:48:00,36.35006503294835,80,15
2024-04-02 15:50:00,31.470412566305022,93,15
2024-04-02 15:52:00,33.263038155521045,78,15
2024-04-02 15:54:00,47.25500529961296,88,15
2024-04-02 15:56:00,24.275521441039885,86,15
2024-04-02 15:58:00,38.4938364720767,91,15
2024-04-02 16:00:00,48.50818619491018,101,15
2024-04-02 16:02:00,35.19839819822688,88,15
2024-04-02 16:04:00,32.391421420548234,89,15
2024-04-02 16:06:00,39.205634455266306,80,15
2024-04-02 16:08:00,30.32802666773832,85,15
2024-04-02 16:10:00,32.03851562467728,95,15
2024-04-02 16:12:00,39.82752644054602,97,15
2024-04-02 16:14:00,34.08814223106409,78,15
2024-04-02 16:16:00,42.15235043448808,82,15
2024-04-02 16:18:00,35.60370467607455,77,15
2024-04-02 16:20:00,24.61193573920324,79,15
2024-04-02 16:22:00,34.50747641432583,72,15
2024-04-02 16:24:00,30.224056717748724,90,15
2024-04-02 16:26:00,30.398914685042232,97,15
2024-04-02 16:28:00,39.1725915800698,92,15
2024-04-02 16:30:00,29.349724248829187,98,15
2024-04-02 16:32:00,38.582383047722374,69,15
2024-04-02 16:34:00,40.13876115474148,82,15
2024-04-02 16:36:00,30.136314073162335,78,15
2024-04-02 16:38:00,19.143652176478675,59,15
2024-04-02 16:40:00,34.97193490986669,82,15
2024-04-02 16:42:00,40.496585556779756,84,15
2024-04-02 16:44:00,22.045392732274642,76,15
2024-04-02 16:46:00,19.930963164419808,81,15
2024-04-02 16:48:00,35.36757351297697,88,15
2024-04-02 16:50:00,31.269906878938897,81,15
2024-04-02 16:52:00,22.32497014559516,82,15
2024-04-02 16:54:00,30.665011843391856,67,15
2024-04-02 16:56:00,25.128097466953093,76,15
2024-04-02 16:58:00,25.01119610614205,68,15
2024-04-02 17:00:00,26.98278196811135,81,15
2024-04-02 17:02:00,29.433965652701836,68,15
2024-04-02 17:04:00,23.609562769054723,64,15
2024-04-02 17:06:00,36.41428790936986,101,15
2024-04-02 17:08:00,34.28813381496909,66,15
2024-04-02 17:10:00,26.00564572653189,79,15
2024-04-02 17:12:00,30.448947654985037,83,15
2024-04-02 17:14:00,31.661681071996245,86,15
2024-04-02 17:16:00,13.601994253249071,78,15
2024-04-02 17:18:00,21.04883408703347,67,15
2024-04-02 17:20:00,29.03707691891241,95,15
2024-04-02 17:22:00,31.423054631007044,75,15
2024-04-02 17:24:00,33.6994818145128,76,15
2024-04-02 17:26:00,27.698337682205704,88,15
2024-04-02 17:28:00,26.806395260525765,84,15
2024-04-02 17:30:00,27.875537443717775,76,15
2024-04-02 17:32:00,33.50342998617858,76,15
2024-04-02 17:34:00,24.195985458678788,69,15
2024-04-02 17:36:00,27.4155920418451,79,15
2024-04-02 17:38:00,30.76981031596837,97,15
2024-04-02 17:40:00,31.46223412976398,71,15
2024-04-02 17:42:00,32.78411542479822,85,15
2024-04-02 17:44:00,29.541214418040123,76,15
2024-04-02 17:46:00,24.239775511375775,92,15
2024-04-02 17:48:00,33.27486759188231,54,15
2024-04-02 17:50:00,20.910867505723623,64,15
2024-04-02 17:52:00,24.385829499556554,75,15
2024-04-02 17:54:00,31.328338190846754,79,15
2024-04-02 17:56:00,22.76339049827954,70,15
2024-04-02 17:58:00,27.05133189540003,73,15
2024-04-02 18:00:00,25.188830402901285,79,15
2024-04-02 18:02:00,25.83474185781007,77,15
2024-04-02 18:04:00,23.893902536430097,83,15
2024-04-02 18:06:00,26.139369998732374,65,15
2024-04-02 18:08:00,29.335885440063244,81,15
2024-04-02 18:10:00,17.49256895685547,92,15
2024-04-02 18:12:00,23.061317123307674,77,15
2024-04-02 18:14:00,25.11689828411174,75,15
2024-04-02 18:16:00,21.8886554767402,68,15
2024-04-02 18:18:00,23.176312795127586,62,15
2024-04-02 18:20:00,27.977989582394912,56,15
2024-04-02 18:22:00,17.96686573297283,66,15
2024-04-02 18:24:00,27.935410217488414,82,15
2024-04-02 18:26:00,23.81915690032303,76,15
2024-04-02 18:28:00,25.3663339555877,68,15
2024-04-02 18:30:00,30.622941777582568,72,15
2024-04-02 18:32:00,33.04734786394521,70,15
2024-04-02 18:34:00,30.97879085427316,63,15
2024-04-02 18:36:00,18.87465452193284,70,15
2024-04-02 18:38:00,28.22558975780874,49,15
2024-04-02 18:40:00,20.597811915875454,74,15
2024-04-02 18:42:00,27.122517847400527,43,15
2024-04-02 18:44:00,36.80948855232698,59,15
2024-04-02 18:46:00,20.742575140766668,51,15
2024-04-02 18:48:00,28.552715850643803,78,15
2024-04-02 18:50:00,26.82209545362765,54,15
2024-04-02 18:52:00,22.762440790496647,66,15
2024-04-02 18:54:00,24.97233351454686,83,15
2024-04-02 18:56:00,20.69524974917293,77,15
2024-04-02 18:58:00,24.05032513634654,60,15
2024-04-02 19:00:00,29.325729974832726,75,15
2024-04-02 19:02:00,27.017844957897662,52,15
2024-04-02 19:04:00,16.230971080039403,76,15
2024-04-02 19:06:00,33.21429138141433,71,15
2024-04-02 19:08:00,25.307363320840118,63,15
2024-04-02 19:10:00,30.405745254225565,64,15
2024-04-02 19:12:00,24.893174953545042,60,15
2024-04-02 19:14:00,24.6262287503992,61,15
2024-04-02 19:16:00,28.10097216481097,76,15
2024-04-02 19:18:00,19.874143645702112,80,15
2024-04-02 19:20:00,24.788325102233593,74,15
2024-04-02 19:22:00,22.90453752625341,70,15
2024-04-02 19:24:00,14.238388130237269,67,15
2024-04-02 19:26:00,21.593726565935153,52,15
2024-04-02 19:28:00,22.03384152313082,50,15
2024-04-02 19:30:00,21.568320248963794,69,15
2024-04-02 19:32:00,23.492008132476673,60,15
2024-04-02 19:34:00,23.86649874436606,60,15
2024-04-02 19:36:00,22.06787510004452,61,15
2024-04-02 19:38:00,13.054297947391314,55,15
2024-04-02 19:40:00,14.884761530461546,66,15
2024-04-02 19:42:00,31.89616744387252,56,15
2024-04-02 19:44:00,17.579044477027928,52,15
2024-04-02 19:46:00,17.05149815262581,56,15
2024-04-02 19:48:00,20.72616697038424,65,15
2024-04-02 19:50:00,10.220734230756813,69,14
2024-04-02 19:52:00,18.188816555190478,64,15
2024-04-02 19:54:00,19.714283182915512,65,15
2024-04-02 19:56:00,17.59009551263674,74,15
2024-04-02 19:58:00,22.94976929976194,46,15
2024-04-02 20:00:00,27.61377100503904,81,15
2024-04-02 20:02:00,12.915746640523832,54,15
2024-04-02 20:04:00,15.989081143758067,68,15
2024-04-02 20:06:00,8.494168866649634,77,12
2024-04-02 20:08:00,20.948468515208674,69,15
2024-04-02 20:10:00,24.833240834981154,50,15
2024-04-02 20:12:00,18.16153907322392,42,15
2024-04-02 20:14:00,16.987909326084452,50,15
2024-04-02 20:16:00,24.04472032393279,50,15
2024-04-02 20:18:00,20.273686372736687,39,15
2024-04-02 20:20:00,14.392575845776483,47,15
2024-04-02 20:22:00,18.68256046649181,47,15
2024-04-02 20:24:00,14.643456969771986,47,15
2024-04-02 20:26:00,22.51906395395353,56,15
2024-04-02 20:28:00,17.502015540170472,49,15
2024-04-02 20:30:00,19.206223047602933,41,15
2024-04-02 20:32:00,11.889691263551413,66,15
2024-04-02 20:34:00,13.237186685543211,61,15
2024-04-02 20:36:00,13.965090243884072,43,15
2024-04-02 20:38:00,21.854649648309255,53,15
2024-04-02 20:40:00,11.790389454826354,62,15
2024-04-02 20:42:00,21.502377701337686,48,15
2024-04-02 20:44:00,27.63917990802389,54,15
2024-04-02 20:46:00,20.285735712437443,55,15
2024-04-02 20:48:00,15.90560506057231,59,15
2024-04-02 20:50:00,15.478549782642718,63,15
2024-04-02 20:52:00,16.695379841261122,53,15
2024-04-02 20:54:00,14.327003434467635,50,15
2024-04-02 20:56:00,22.265704913053142,45,15
2024-04-02 20:58:00,21.395562628549243,61,15
2024-04-02 21:00:00,18.78543344637719,38,15
2024-04-02 21:02:00,23.224924169495516,53,15
2024-04-02 21:04:00,18.889883084534183,62,15
2024-04-02 21:06:00,17.026306393551803,51,15
2024-04-02 21:08:00,9.156148347978167,54,13
2024-04-02 21:10:00,16.666448419730695,42,15
2024-04-02 21:12:00,20.799500204216145,36,15
2024-04-02 21:14:00,14.652441678780663,47,15
2024-04-02 21:16:00,17.624113757176353,53,15
2024-04-02 21:18:00,10.792025984997073,47,14
2024-04-02 21:20:00,22.478613330901585,84,15
2024-04-02 21:22:00,16.893697888576312,46,15
2024-04-02 21:24:00,1.7853724749859676,43,3
2024-04-02 21:26:00,18.212546711355856,46,15
2024-04-02 21:28:00,22.972425245828266,20,15
2024-04-02 21:30:00,12.409873830635206,57,15
2024-04-02 21:32:00,12.995587780456736,50,15
2024-04-02 21:34:00,16.510321404900846,35,15
2024-04-02 21:36:00,20.166378656606497,35,15
2024-04-02 21:38:00,15.466020860445278,50,15
2024-04-02 21:40:00,18.52145280234504,56,15
2024-04-02 21:42:00,18.25179133045503,43,15
2024-04-02 21:44:00,16.7474372429758,53,15
2024-04-02 21:46:00,19.327230434197595,45,15
2024-04-02 21:48:00,27.02521124275186,38,15
2024-04-02 21:50:00,7.2454887380276904,49,10
2024-04-02 21:52:00,11.304243285232577,73,15
2024-04-02 21:54:00,5.592312182849679,32,8
2024-04-02 21:56:00,9.80746629335999,52,13
2024-04-02 21:58:00,14.823064813724928,44,15
2024-04-02 22:00:00,13.88226622815865,47,15
2024-04-02 22:02:00,13.410807533222746,38,15
2024-04-02 22:04:00,14.010130309906636,45,15
2024-04-02 22:06:00,19.62619270537699,40,15
2024-04-02 22:08:00,6.8741482295454235,51,10
2024-04-02 22:10:00,17.88862181952718,54,15
2024-04-02 22:12:00,12.966623205752601,49,15
2024-04-02 22:14:00,12.492926256244917,58,15
2024-04-02 22:16:00,13.09851154547247,33,15
2024-04-02 22:18:00,12.919779146567167,50,15
2024-04-02 22:20:00,7.368989792966714,55,10
2024-04-02 22:22:00,12.892115738176496,54,15
2024-04-02 22:24:00,16.528337292514607,45,15
2024-04-02 22:26:00,6.3060355031839235,42,9
2024-04-02 22:28:00,12.752594643854529,54,15
2024-04-02 22:30:00,8.964292543281719,25,12
2024-04-02 22:32:00,14.396549435889856,53,15
2024-04-02 22:34:00,14.698985849359152,48,15
2024-04-02 22:36:00,15.43438780911902,73,15
2024-04-02 22:38:00,14.26078003200373,37,15
2024-04-02 22:40:00,9.015792373305821,48,12
2024-04-02 22:42:00,14.027883004741671,56,15
2024-04-02 22:44:00,15.533174820550997,53,15
2024-04-02 22:46:00,11.65146005298687,48,15
2024-04-02 22:48:00,2.6174035140982,36,4
2024-04-02 22:50:00,0.1,55,1
2024-04-02 22:52:00,11.206991716111085,50,15
2024-04-02 22:54:00,8.096695329453475,35,11
2024-04-02 22:56:00,16.081844421049894,52,15
2024-04-02 22:58:00,14.3875856421997,24,15
2024-04-02 23:00:00,13.180116067095371,53,15
2024-04-02 23:02:00,14.472428985260144,42,15
2024-04-02 23:04:00,15.000887975340515,55,15
2024-04-02 23:06:00,7.684376041922921,45,11
2024-04-02 23:08:00,18.731384502392068,54,15
2024-04-02 23:10:00,16.27174533366034,37,15
2024-04-02 23:12:00,13.717917232140165,46,15
2024-04-02 23:14:00,15.48383915671646,51,15
2024-04-02 23:16:00,12.873786709566,46,15
2024-04-02 23:18:00,8.643818923943277,47,12
2024-04-02 23:20:00,15.092930847736067,35,15
2024-04-02 23:22:00,5.15969418357326,41,7
2024-04-02 23:24:00,9.761049251961492,38,13
2024-04-02 23:26:00,15.09794861588537,46,15
2024-04-02 23:28:00,19.127503077927795,50,15
2024-04-02 23:30:00,3.685446830734554,45,6
2024-04-02 23:32:00,7.410528292161282,32,10
2024-04-02 23:34:00,8.56911199968771,46,12
2024-04-02 23:36:00,10.56157864404128,48,14
2024-04-02 23:38:00,9.449149623037316,50,13
2024-04-02 23:40:00,25.1055438176301,48,15
2024-04-02 23:42:00,11.589662047888629,43,15
2024-04-02 23:44:00,10.935533519394003,45,15
2024-04-02 23:46:00,8.305513979036675,52,11
2024-04-02 23:48:00,19.704411251871036,33,15
2024-04-02 23:50:00,0.1,55,1
2024-04-02 23:52:00,17.82395509917776,44,15
2024-04-02 23:54:00,11.10762191436204,45,15
2024-04-02 23:56:00,12.734256254620536,33,15
2024-04-02 23:58:00,15.533674617674833,46,15
2024-04-03 00:00:00,14.247974555873991,44,15
2024-04-03 00:02:00,5.517424559086474,37,8
2024-04-03 00:04:00,14.217765294462566,29,15
2024-04-03 00:06:00,13.938802074833648,41,15
2024-04-03 00:08:00,15.431277860180732,39,15
2024-04-03 00:10:00,13.745188698717012,39,15
2024-04-03 00:12:00,5.586570811084679,9,7
2024-04-03 00:14:00,14.59104688560095,41,15
2024-04-03 00:16:00,0.1,51,1
2024-04-03 00:18:00,14.29875707826432,48,15
2024-04-03 00:20:00,15.465613527655446,54,15
2024-04-03 00:22:00,10.388332003008554,52,14
2024-04-03 00:24:00,13.416073139985986,33,15
2024-04-03 00:26:00,7.442199921085133,40,10
2024-04-03 00:28:00,12.697770438790519,63,15
2024-04-03 00:30:00,7.560463990312575,44,10
2024-04-03 00:32:00,11.268775289592806,36,15
2024-04-03 00:34:00,5.8009317950367585,34,8
2024-04-03 00:36:00,8.015488554244502,55,11
2024-04-03 00:38:00,10.767559732670817,46,14
2024-04-03 00:40:00,2.090043986918184,59,4
2024-04-03 00:42:00,20.71403633241495,45,15
2024-04-03 00:44:00,12.724410670618619,40,15
2024-04-03 00:46:00,20.58110166624538,60,15
2024-04-03 00:48:00,10.736381339136873,40,14
2024-04-03 00:50:00,6.037019628930257,37,8
2024-04-03 00:52:00,11.211958904324213,37,15
2024-04-03 00:54:00,1.5584055698766708,39,3
2024-04-03 00:56:00,11.762603525318305,48,15
2024-04-03 00:58:00,0.45228227614983396,33,1
2024-04-03 01:00:00,12.42919535413958,51,15
2024-04-03 01:02:00,15.024974103242378,38,15
2024-04-03 01:04:00,14.440224260442648,37,15
2024-04-03 01:06:00,13.55540546971899,56,15
2024-04-03 01:08:00,17.72471337362603,17,15
2024-04-03 01:10:00,6.6977563838124805,42,9
2024-04-03 01:12:00,11.989918332727418,30,15
2024-04-03 01:14:00,11.69617544750307,38,15
2024-04-03 01:16:00,5.835892087100963,33,8
2024-04-03 01:18:00,11.976147285074912,65,15
2024-04-03 01:20:00,18.476272072489934,53,15
2024-04-03 01:22:00,7.753477169244314,30,10
2024-04-03 01:24:00,9.53122546499086,51,13
2024-04-03 01:26:00,9.461441918846432,30,12
2024-04-03 01:28:00,7.005009288702608,41,10
2024-04-03 01:30:00,16.25394336634003,48,15
2024-04-03 01:32:00,14.842949990020358,49,15
2024-04-03 01:34:00,10.75268057168277,49,14
2024-04-03 01:36:00,11.235160717167899,51,15
2024-04-03 01:38:00,17.489967807985323,48,15
2024-04-03 01:40:00,17.028910336848746,40,15
2024-04-03 01:42:00,10.812920983704059,39,14
2024-04-03 01:44:00,9.468112299638651,62,13
2024-04-03 01:46:00,26.59357382511772,41,15
2024-04-03 01:48:00,16.106065526940952,53,15
2024-04-03 01:50:00,15.490704819001682,31,15
2024-04-03 01:52:00,28.420161505212818,51,15
2024-04-03 01:54:00,10.830339840524788,64,15
2024-04-03 01:56:00,7.679173969063285,47,11
2024-04-03 01:58:00,5.666664398814669,43,8
2024-04-03 02:00:00,13.950478537508523,34,15
2024-04-03 02:02:00,17.352151987132228,51,15
2024-04-03 02:04:00,4.8340493399389075,51,7
2024-04-03 02:06:00,14.696767472461168,34,15
2024-04-03 02:08:00,17.581112725505186,49,15
2024-04-03 02:10:00,11.567115865849217,53,15
2024-04-03 02:12:00,14.990532141433068,40,15
2024-04-03 02:14:00,11.856102464100974,57,15
2024-04-03 02:16:00,6.377180199948045,47,9
2024-04-03 02:18:00,9.92329607451985,49,13
2024-04-03 02:20:00,19.061157090328997,44,15
2024-04-03 02:22:00,11.047282040863347,65,15
2024-04-03 02:24:00,21.189995856716052,38,15
2024-04-03 02:26:00,14.650017952218189,64,15
2024-04-03 02:28:00,14.40791450629195,46,15
2024-04-03 02:30:00,13.85614370503589,51,15
2024-04-03 02:32:00,16.621215869603898,46,15
2024-04-03 02:34:00,16.694557500939613,57,15
2024-04-03 02:36:00,16.219795993442904,48,15
2024-04-03 02:38:00,17.72763508933255,50,15
2024-04-03 02:40:00,21.834234216595192,38,15
2024-04-03 02:42:00,13.1435616271637,47,15
2024-04-03 02:44:00,22.935935628633636,45,15
2024-04-03 02:46:00,11.112448712216661,56,15
2024-04-03 02:48:00,8.465525124878582,49,12
2024-04-03 02:50:00,9.529235524989346,54,13
2024-04-03 02:52:00,15.37937239583968,52,15
2024-04-03 02:54:00,12.806895944687154,50,15
2024-04-03 02:56:00,12.858761586183892,59,15
2024-04-03 02:58:00,17.58111951580767,47,15
2024-04-03 03:00:00,21.349210387050807,38,15
2024-04-03 03:02:00,10.894526479900712,54,15
2024-04-03 03:04:00,11.400077112307454,37,15
2024-04-03 03:06:00,22.217157600080277,52,15
2024-04-03 03:08:00,12.065723447423196,51,15
2024-04-03 03:10:00,15.125156806038543,50,15
2024-04-03 03:12:00,26.611921324252343,50,15
2024-04-03 03:14:00,13.290782076448554,59,15
2024-04-03 03:16:00,16.604078656964987,60,15
2024-04-03 03:18:00,14.741138186821756,43,15
2024-04-03 03:20:00,10.615595397514173,60,14
2024-04-03 03:22:00,20.417010340042665,42,15
2024-04-03 03:24:00,22.47581014717447,49,15
2024-04-03 03:26:00,13.59174447357517,68,15
2024-04-03 03:28:00,26.30556528982894,56,15
2024-04-03 03:30:00,21.875722439570673,67,15
2024-04-03 03:32:00,10.898625838054397,56,15
2024-04-03 03:34:00,14.82291861184815,59,15
2024-04-03 03:36:00,18.23264277989619,53,15
2024-04-03 03:38:00,21.61600846830984,67,15
2024-04-03 03:40:00,20.595901792038543,75,15
2024-04-03 03:42:00,7.6800331933973975,56,11
2024-04-03 03:44:00,13.21595236356875,61,15
2024-04-03 03:46:00,15.368623507120889,68,15
2024-04-03 03:48:00,17.006906044882776,63,15
2024-04-03 03:50:00,14.13089963018785,68,15
2024-04-03 03:52:00,17.81335467420344,51,15
2024-04-03 03:54:00,19.610572544293262,61,15
2024-04-03 03:56:00,8.009613291899276,50,11
2024-04-03 03:58:00,38.87442164869563,38,15
2024-04-03 04:00:00,13.320413360435133,66,15
2024-04-03 04:02:00,15.278748851695264,57,15
2024-04-03 04:04:00,17.98991571920425,61,15
2024-04-03 04:06:00,12.238835444696152,65,15
2024-04-03 04:08:00,23.765328993875865,50,15
2024-04-03 04:10:00,23.16216924189575,62,15
2024-04-03 04:12:00,18.402631343182488,57,15
2024-04-03 04:14:00,24.300234643454985,66,15
2024-04-03 04:16:00,20.556464077535225,72,15
2024-04-03 04:18:00,19.310892557625838,46,15
2024-04-03 04:20:00,26.843105183349522,60,15
2024-04-03 04:22:00,22.34980923311871,44,15
2024-04-03 04:24:00,24.386234962394962,65,15
2024-04-03 04:26:00,20.316413977703437,62,15
2024-04-03 04:28:00,18.173913879945808,53,15
2024-04-03 04:30:00,26.55303560868937,55,15
2024-04-03 04:32:00,27.40570487320353,67,15
2024-04-03 04:34:00,18.221660495985766,64,15
2024-04-03 04:36:00,19.146912199660022,53,15
2024-04-03 04:38:00,30.888296927713164,61,15
2024-04-03 04:40:00,21.877532716547027,73,15
2024-04-03 04:42:00,20.463401256454823,67,15
2024-04-03 04:44:00,31.400788465617662,70,15
2024-04-03 04:46:00,22.025807725371205,74,15
2024-04-03 04:48:00,18.09813441537448,59,15
2024-04-03 04:50:00,25.191267449443895,57,15
2024-04-03 04:52:00,21.872720415061295,55,15
2024-04-03 04:54:00,23.010180821697602,82,15
2024-04-03 04:56:00,37.754491251234015,74,15
2024-04-03 04:58:00,27.646660335762583,48,15
2024-04-03 05:00:00,36.14578963825281,80,15
2024-04-03 05:02:00,18.55153520611796,70,15
2024-04-03 05:04:00,28.4363281339886,62,15
2024-04-03 05:06:00,25.631094365683733,76,15
2024-04-03 05:08:00,15.837137253936746,83,15
2024-04-03 05:10:00,19.979253758535034,77,15
2024-04-03 05:12:00,19.00989304174895,84,15
2024-04-03 05:14:00,20.006770406400207,68,15
2024-04-03 05:16:00,27.5325053828996,75,15
2024-04-03 05:18:00,24.85671202517135,65,15
2024-04-03 05:20:00,27.599001799587306,78,15
2024-04-03 05:22:00,33.0655176720429,70,15
2024-04-03 05:24:00,30.887681392134937,52,15
2024-04-03 05:26:00,27.201206045391213,73,15
2024-04-03 05:28:00,18.448578965568604,51,15
2024-04-03 05:30:00,19.107300260065728,66,15
2024-04-03 05:32:00,23.585208863608052,68,15
2024-04-03 05:34:00,18.97163269974453,63,15
2024-04-03 05:36:00,23.37936153600609,67,15
2024-04-03 05:38:00,17.73087079876304,61,15
2024-04-03 05:40:00,31.451103767209666,78,15
2024-04-03 05:42:00,30.91410540518904,87,15
2024-04-03 05:44:00,16.907920336924818,62,15
2024-04-03 05:46:00,27.821257020139804,76,15
2024-04-03 05:48:00,29.226110283267623,61,15
2024-04-03 05:50:00,22.718512897221505,74,15
2024-04-03 05:52:00,30.671657539343755,57,15
2024-04-03 05:54:00,27.540455635509424,83,15
2024-04-03 05:56:00,16.003769113102265,56,15
2024-04-03 05:58:00,21.86187470514062,60,15
2024-04-03 06:00:00,21.123411450871693,80,15
2024-04-03 06:02:00,29.232803558710774,75,15
2024-04-03 06:04:00,20.513642833352996,71,15
2024-04-03 06:06:00,21.106360517186793,79,15
2024-04-03 06:08:00,23.722128658260193,68,15
2024-04-03 06:10:00,30.820077951363896,73,15
2024-04-03 06:12:00,28.2231141074892,62,15
2024-04-03 06:14:00,27.451296969171445,58,15
2024-04-03 06:16:00,27.780886514275743,81,15
2024-04-03 06:18:00,27.87580905073018,71,15
2024-04-03 06:20:00,25.7787828298648,76,15
2024-04-03 06:22:00,27.877348766041067,76,15
2024-04-03 06:24:00,28.43312009543339,78,15
2024-04-03 06:26:00,27.10974344946588,74,15
2024-04-03 06:28:00,31.609589730800092,82,15
2024-04-03 06:30:00,28.91578908262009,84,15
2024-04-03 06:32:00,40.28456240660312,86,15
2024-04-03 06:34:00,29.68241272335397,74,15
2024-04-03 06:36:00,21.598507312456242,89,15
2024-04-03 06:38:00,38.05774504971049,102,15
2024-04-03 06:40:00,28.8343169929422,98,15
2024-04-03 06:42:00,32.84794815845666,80,15
2024-04-03 06:44:00,32.67061520888724,82,15
2024-04-03 06:46:00,20.009871159009457,79,15
2024-04-03 06:48:00,32.78527947256656,75,15
2024-04-03 06:50:00,25.560657650757868,64,15
2024-04-03 06:52:00,39.443454093646594,75,15
2024-04-03 06:54:00,30.202484504028885,81,15
2024-04-03 06:56:00,34.77924337173805,80,15
2024-04-03 06:58:00,35.88975709390334,89,15
2024-04-03 07:00:00,28.439428749376187,84,15
2024-04-03 07:02:00,29.474794862371056,65,15
2024-04-03 07:04:00,42.5246748343307,85,15
2024-04-03 07:06:00,33.113389988110896,94,15
2024-04-03 07:08:00,31.065345855029328,81,15
2024-04-03 07:10:00,24.926932525687704,69,15
2024-04-03 07:12:00,32.18345537297916,92,15
2024-04-03 07:14:00,23.43116047615967,67,15
2024-04-03 07:16:00,33.41951234216875,79,15
2024-04-03 07:18:00,35.491175578865196,88,15
2024-04-03 07:20:00,26.252421937005252,83,15
2024-04-03 07:22:00,30.74165514706819,106,15
2024-04-03 07:24:00,36.060312907935,77,15
2024-04-03 07:26:00,39.04277031123259,82,15
2024-04-03 07:28:00,36.11991563364899,84,15
2024-04-03 07:30:00,28.170255637630355,79,15
2024-04-03 07:32:00,34.5739997562798,90,15
2024-04-03 07:34:00,31.966478294112093,80,15
2024-04-03 07:36:00,30.60452225890798,84,15
2024-04-03 07:38:00,28.794912649320548,69,15
2024-04-03 07:40:00,37.90627100878988,86,15
2024-04-03 07:42:00,42.35909467018499,84,15
2024-04-03 07:44:00,32.12915203777016,84,15
2024-04-03 07:46:00,33.97059986172877,94,15
2024-04-03 07:48:00,34.04613065106497,82,15
2024-04-03 07:50:00,40.03797632740613,92,15
2024-04-03 07:52:00,37.676196912207956,77,15
2024-04-03 07:54:00,26.60469509914702,90,15
2024-04-03 07:56:00,30.4726272319667,80,15
2024-04-03 07:58:00,34.84667883600398,92,15
2024-04-03 08:00:00,30.703825812716758,92,15
2024-04-03 08:02:00,29.40622488249756,92,15
2024-04-03 08:04:00,37.79897645544914,85,15
2024-04-03 08:06:00,43.49273379479388,93,15
2024-04-03 08:08:00,25.671282606252174,84,15
2024-04-03 08:10:00,35.08855139594203,95,15
2024-04-03 08:12:00,43.32527778683534,86,15
2024-04-03 08:14:00,38.42067228878339,91,15
2024-04-03 08:16:00,39.49932465198401,74,15
2024-04-03 08:18:00,42.13421610363416,99,15
2024-04-03 08:20:00,33.599831121792015,97,15
2024-04-03 08:22:00,33.525334123496876,104,15
2024-04-03 08:24:00,27.59317765663627,91,15
2024-04-03 08:26:00,22.48262755156722,103,15
2024-04-03 08:28:00,38.598229982591626,87,15
2024-04-03 08:30:00,36.78761140030997,93,15
2024-04-03 08:32:00,43.87116934941611,92,15
2024-04-03 08:34:00,43.52126176964161,90,15
2024-04-03 08:36:00,31.24209316949171,89,15
2024-04-03 08:38:00,33.768553061194915,115,15
2024-04-03 08:40:00,44.31411753824381,97,15
2024-04-03 08:42:00,37.16631365164711,96,15
2024-04-03 08:44:00,30.758496140375765,80,15
2024-04-03 08:46:00,37.1866338265964,93,15
2024-04-03 08:48:00,32.668190112512555,97,15
2024-04-03 08:50:00,36.50379265126183,84,15
2024-04-03 08:52:00,32.9882891957059,97,15
2024-04-03 08:54:00,35.25073745450077,89,15
2024-04-03 08:56:00,33.973927277878396,100,15
2024-04-03 08:58:00,35.82036168151202,101,15
2024-04-03 09:00:00,28.93824100748538,108,15
2024-04-03 09:02:00,31.510993041885616,101,15
2024-04-03 09:04:00,31.44716046171984,98,15
2024-04-03 09:06:00,45.37440029855228,116,15
2024-04-03 09:08:00,42.989885360153764,87,15
2024-04-03 09:10:00,36.18161107944898,94,15
2024-04-03 09:12:00,30.213443227553583,93,15
2024-04-03 09:14:00,31.994839493567355,94,15
2024-04-03 09:16:00,32.286322562897816,74,15
2024-04-03 09:18:00,34.17089054882711,103,15
2024-04-03 09:20:00,45.86371331359881,102,15
2024-04-03 09:22:00,31.880941068959913,89,15
2024-04-03 09:24:00,42.226962794766685,90,15
2024-04-03 09:26:00,31.10730698036358,96,15
2024-04-03 09:28:00,42.86834759333672,105,15
2024-04-03 09:30:00,36.305698509575414,96,15
2024-04-03 09:32:00,38.63279154749573,99,15
2024-04-03 09:34:00,34.95689925630565,89,15
2024-04-03 09:36:00,39.19951058275309,92,15
2024-04-03 09:38:00,37.71676627927032,98,15
2024-04-03 09:40:00,40.886439765740725,85,15
2024-04-03 09:42:00,41.81985889077507,116,15
2024-04-03 09:44:00,34.64358812260679,92,15
2024-04-03 09:46:00,44.59486116202195,98,15
2024-04-03 09:48:00,36.99057611590516,95,15
2024-04-03 09:50:00,42.27580520638282,102,15
2024-04-03 09:52:00,37.574717458129676,71,15
2024-04-03 09:54:00,29.418586950449658,84,15
2024-04-03 09:56:00,31.195776742961908,79,15
2024-04-03 09:58:00,43.759320801564144,102,15
2024-04-03 10:00:00,38.54828864155252,91,15
2024-04-03 10:02:00,48.732913529765554,104,15
2024-04-03 10:04:00,37.587857352057924,100,15
2024-04-03 10:06:00,40.84464537776853,103,15
2024-04-03 10:08:00,38.32967938395863,96,15
2024-04-03 10:10:00,45.31782054338567,102,15
2024-04-03 10:12:00,46.2075102797427,91,15
2024-04-03 10:14:00,39.14159476692441,107,15
2024-04-03 10:16:00,33.6237466981314,108,15
2024-04-03 10:18:00,41.84240755831104,88,15
2024-04-03 10:20:00,37.143688869053705,92,15
2024-04-03 10:22:00,38.63085368240515,91,15
2024-04-03 10:24:00,36.07913374409046,106,15
2024-04-03 10:26:00,33.96165684111202,93,15
2024-04-03 10:28:00,39.58894661674453,116,15
2024-04-03 10:30:00,38.6422642750597,117,15
2024-04-03 10:32:00,42.18223380951814,107,15
2024-04-03 10:34:00,43.4988406516338,97,15
2024-04-03 10:36:00,33.67083459816571,94,15
2024-04-03 10:38:00,41.120002996073325,107,15
2024-04-03 10:40:00,40.99016063039087,103,15
2024-04-03 10:42:00,42.01996345340245,89,15
2024-04-03 10:44:00,40.15585397822541,104,15
2024-04-03 10:46:00,46.37140485637114,106,15
2024-04-03 10:48:00,37.33258038933171,120,15
2024-04-03 10:50:00,40.45420402537601,102,15
2024-04-03 10:52:00,40.292753994850045,93,15
2024-04-03 10:54:00,41.28727004778023,87,15
2024-04-03 10:56:00,39.24469732839067,124,15
2024-04-03 10:58:00,46.671885737168324,95,15
2024-04-03 11:00:00,36.470824909182625,96,15
2024-04-03 11:02:00,46.11789938693099,103,15
2024-04-03 11:04:00,41.632624429778396,104,15
2024-04-03 11:06:00,41.53977866805216,108,15
2024-04-03 11:08:00,45.33007605647319,102,15
2024-04-03 11:10:00,38.755096722844364,115,15
2024-04-03 11:12:00,48.95965825020385,122,15
2024-04-03 11:14:00,37.79110001032511,103,15
2024-04-03 11:16:00,43.306597901592816,89,15
2024-04-03 11:18:00,43.72108007828272,103,15
2024-04-03 11:20:00,25.747793419129913,89,15
2024-04-03 11:22:00,39.01938678367953,116,15
2024-04-03 11:24:00,43.40994969883063,102,15
2024-04-03 11:26:00,43.47795050276774,112,15
2024-04-03 11:28:00,49.82497400923183,95,15
2024-04-03 11:30:00,44.7149459156747,95,15
2024-04-03 11:32:00,36.611494390056386,104,15
2024-04-03 11:34:00,40.569846536492925,92,15
2024-04-03 11:36:00,39.468446441283135,112,15
2024-04-03 11:38:00,44.94478233370713,92,15
2024-04-03 11:40:00,45.19569666328207,107,15
2024-04-03 11:42:00,43.139770857462544,115,15
2024-04-03 11:44:00,42.35982549364575,107,15
2024-04-03 11:46:00,48.334980476213794,92,15
2024-04-03 11:48:00,40.59699583408165,91,15
2024-04-03 11:50:00,46.894467502088986,96,15
2024-04-03 11:52:00,41.35898107149143,112,15
2024-04-03 11:54:00,38.50118308089591,108,15
2024-04-03 11:56:00,43.67975780896486,116,15
2024-04-03 11:58:00,37.33354720649538,99,15
2024-04-03 12:00:00,39.34248409084208,85,15
2024-04-03 12:02:00,42.33087936769689,99,15
2024-04-03 12:04:00,50.25800260575062,105,15
2024-04-03 12:06:00,39.36475739286683,103,15
2024-04-03 12:08:00,46.15702252254307,102,15
2024-04-03 12:10:00,55.97345585942401,114,15
2024-04-03 12:12:00,43.06173433011971,110,15
2024-04-03 12:14:00,38.78228720700534,96,15
2024-04-03 12:16:00,37.14216017476279,111,15
2024-04-03 12:18:00,38.64117885700098,96,15
2024-04-03 12:20:00,44.74250599088412,84,15
2024-04-03 12:22:00,44.06525836428856,93,15
2024-04-03 12:24:00,44.753268487752145,87,15
2024-04-03 12:26:00,42.82521745248536,110,15
2024-04-03 12:28:00,39.98198623300934,105,15
2024-04-03 12:30:00,47.34207575957196,123,15
2024-04-03 12:32:00,43.83320301655322,95,15
2024-04-03 12:34:00,34.25104387511618,94,15
2024-04-03 12:36:00,48.27402051853725,96,15
2024-04-03 12:38:00,36.326349789662736,86,15
2024-04-03 12:40:00,37.30294561812691,73,15
2024-04-03 12:42:00,46.70611170045926,98,15
2024-04-03 12:44:00,41.49568714967446,104,15
2024-04-03 12:46:00,38.66085996283974,84,15
2024-04-03 12:48:00,40.56350925349029,102,15
2024-04-03 12:50:00,41.965219527224505,100,15
2024-04-03 12:52:00,43.708628478395724,105,15
2024-04-03 12:54:00,38.55299819035386,127,15
2024-04-03 12:56:00,40.18920689316333,96,15
2024-04-03 12:58:00,34.90445907695428,108,15
2024-04-03 13:00:00,46.84767860418347,98,15
2024-04-03 13:02:00,30.58234031672997,105,15
2024-04-03 13:04:00,37.87762793315226,101,15
2024-04-03 13:06:00,38.367470805738314,99,15
2024-04-03 13:08:00,39.64413564919898,108,15
2024-04-03 13:10:00,46.521307873943236,94,15
2024-04-03 13:12:00,38.820835653416175,108,15
2024-04-03 13:14:00,35.60913820387895,94,15
2024-04-03 13:16:00,38.62273972446541,98,15
2024-04-03 13:18:00,46.797700270984286,103,15
2024-04-03 13:20:00,41.38906480027969,106,15
2024-04-03 13:22:00,45.59225659781225,118,15
2024-04-03 13:24:00,37.064441497119375,92,15
2024-04-03 13:26:00,36.20099913714104,88,15
2024-04-03 13:28:00,37.828267085671236,112,15
2024-04-03 13:30:00,42.976457320302416,115,15
2024-04-03 13:32:00,40.597890331058096,92,15
2024-04-03 13:34:00,48.512894950459746,111,15
2024-04-03 13:36:00,34.90777660701759,98,15
2024-04-03 13:38:00,36.86772202789819,94,15
2024-04-03 13:40:00,40.95019245968574,110,15
2024-04-03 13:42:00,48.22783465778265,112,15
2024-04-03 13:44:00,46.151976922157665,87,15
2024-04-03 13:46:00,42.07516287028516,78,15
2024-04-03 13:48:00,49.45118484288497,106,15
2024-04-03 13:50:00,38.043638801398075,101,15
2024-04-03 13:52:00,36.589338276532274,104,15
2024-04-03 13:54:00,41.13683738372613,100,15
2024-04-03 13:56:00,29.642787831352738,102,15
2024-04-03 13:58:00,43.7862440955042,87,15
2024-04-03 14:00:00,30.37702309253076,115,15
2024-04-03 14:02:00,40.01609943354261,109,15
2024-04-03 14:04:00,35.72349121764607,121,15
2024-04-03 14:06:00,40.026500667057306,91,15
2024-04-03 14:08:00,41.21176224590035,99,15
2024-04-03 14:10:00,29.94808828752509,101,15
2024-04-03 14:12:00,39.415741850549736,90,15
2024-04-03 14:14:00,44.871147594600664,80,15
2024-04-03 14:16:00,34.61639262885195,111,15
2024-04-03 14:18:00,36.095539358871314,110,15
2024-04-03 14:20:00,37.03830681452419,100,15
2024-04-03 14:22:00,44.70079353772746,79,15
2024-04-03 14:24:00,41.53589507191598,116,15
2024-04-03 14:26:00,32.34392813947604,96,15
2024-04-03 14:28:00,40.18582229284436,103,15
2024-04-03 14:30:00,34.43143177206619,111,15
2024-04-03 14:32:00,41.518317615509204,84,15
2024-04-03 14:34:00,38.93636242307797,101,15
2024-04-03 14:36:00,37.802792636688025,82,15
2024-04-03 14:38:00,35.48163968251115,101,15
2024-04-03 14:40:00,37.70976627523986,96,15
2024-04-03 14:42:00,42.32498009079804,99,15
2024-04-03 14:44:00,35.94115432948984,93,15
2024-04-03 14:46:00,29.904481334845173,81,15
2024-04-03 14:48:00,44.1959469600167,85,15
2024-04-03 14:50:00,35.79256393548145,87,15
2024-04-03 14:52:00,35.666060013868986,106,15
2024-04-03 14:54:00,39.113293429616455,95,15
2024-04-03 14:56:00,44.30055049901155,94,15
2024-04-03 14:58:00,35.91553726392634,86,15
2024-04-03 15:00:00,34.74788883009498,98,15
2024-04-03 15:02:00,27.49333760123839,97,15
2024-04-03 15:04:00,39.764097536935324,96,15
2024-04-03 15:06:00,29.826657653973427,110,15
2024-04-03 15:08:00,36.037246973039586,97,15
2024-04-03 15:10:00,34.73119406498121,96,15
2024-04-03 15:12:00,32.87686140421553,96,15
2024-04-03 15:14:00,43.43682487225775,100,15
2024-04-03 15:16:00,28.493040774396732,88,15
2024-04-03 15:18:00,33.49332076723363,97,15
2024-04-03 15:20:00,34.85099555799934,88,15
2024-04-03 15:22:00,33.000473519860215,83,15
2024-04-03 15:24:00,51.48030755660268,104,15
2024-04-03 15:26:00,33.48335636452035,94,15
2024-04-03 15:28:00,36.80006730469167,88,15
2024-04-03 15:30:00,43.73739134281894,97,15
2024-04-03 15:32:00,32.7477109844997,96,15
2024-04-03 15:34:00,31.963210192025755,96,15
2024-04-03 15:36:00,41.99795718568485,102,15
2024-04-03 15:38:00,38.11030651133971,77,15
2024-04-03 15:40:00,27.591524420510538,97,15
2024-04-03 15:42:00,27.804461247163587,86,15
2024-04-03 15:44:00,42.1136701596153,92,15
2024-04-03 15:46:00,39.70896301694416,113,15
2024-04-03 15:48:00,34.128313138754535,98,15
2024-04-03 15:50:00,33.73208952114566,76,15
2024-04-03 15:52:00,36.66031156065777,70,15
2024-04-03 15:54:00,41.46466832390169,73,15
2024-04-03 15:56:00,41.902752599525236,74,15
2024-04-03 15:58:00,40.566698899661084,91,15
2024-04-03 16:00:00,41.86775259078083,71,15
2024-04-03 16:02:00,39.87102242070141,78,15
2024-04-03 16:04:00,38.53646899191263,92,15
2024-04-03 16:06:00,37.05346448659866,84,15
2024-04-03 16:08:00,36.14799231776875,88,15
2024-04-03 16:10:00,41.801371890067074,92,15
2024-04-03 16:12:00,42.7527178645008,90,15
2024-04-03 16:14:00,31.741696904295043,86,15
2024-04-03 16:16:00,40.098257767156696,94,15
2024-04-03 16:18:00,37.91456860717151,98,15
2024-04-03 16:20:00,32.94672511871828,85,15
2024-04-03 16:22:00,40.9839613831692,80,15
2024-04-03 16:24:00,36.46170161364127,73,15
2024-04-03 16:26:00,39.65866668624975,81,15
2024-04-03 16:28:00,35.943813517690394,103,15
2024-04-03 16:30:00,38.91814374063702,83,15
2024-04-03 16:32:00,39.38625797702816,77,15
2024-04-03 16:34:00,32.83975893978715,89,15
2024-04-03 16:36:00,34.98581189046481,88,15
2024-04-03 16:38:00,33.62143118405793,84,15
2024-04-03 16:40:00,37.70226396195558,88,15
2024-04-03 16:42:00,30.82856201760136,79,15
2024-04-03 16:44:00,33.21767107919364,64,15
2024-04-03 16:46:00,36.31216481441972,84,15
2024-04-03 16:48:00,26.2875121525865,86,15
2024-04-03 16:50:00,32.15842184016894,63,15
2024-04-03 16:52:00,30.975255429892115,69,15
2024-04-03 16:54:00,33.45384263903716,83,15
2024-04-03 16:56:00,25.727761535564547,59,15
2024-04-03 16:58:00,41.72190487739182,69,15
2024-04-03 17:00:00,34.21765958081385,84,15
2024-04-03 17:02:00,34.31248326366635,70,15
2024-04-03 17:04:00,27.039673318170525,96,15
2024-04-03 17:06:00,23.539144333606103,94,15
2024-04-03 17:08:00,27.236572060588568,79,15
2024-04-03 17:10:00,25.70352725626304,72,15
2024-04-03 17:12:00,28.758338874630603,72,15
2024-04-03 17:14:00,37.85473773957027,96,15
2024-04-03 17:16:00,24.76717274601519,86,15
2024-04-03 17:18:00,22.26087286693201,63,15
2024-04-03 17:20:00,26.684385776870784,71,15
2024-04-03 17:22:00,38.61841077395208,86,15
2024-04-03 17:24:00,27.98178162314764,93,15
2024-04-03 17:26:00,21.20486840895512,77,15
2024-04-03 17:28:00,30.88912336153367,68,15
2024-04-03 17:30:00,32.686130261023436,81,15
2024-04-03 17:32:00,23.10836180371162,79,15
2024-04-03 17:34:00,27.90557435280475,66,15
2024-04-03 17:36:00,26.78915892813599,62,15
2024-04-03 17:38:00,27.190725469593826,70,15
2024-04-03 17:40:00,21.90251911716571,66,15
2024-04-03 17:42:00,25.406662722864723,86,15
2024-04-03 17:44:00,30.553232208933764,75,15
2024-04-03 17:46:00,15.681081173410828,77,15
2024-04-03 17:48:00,23.314740582197004,65,15
2024-04-03 17:50:00,29.574775211640986,67,15
2024-04-03 17:52:00,22.415512111931015,66,15
2024-04-03 17:54:00,23.76891748795362,79,15
2024-04-03 17:56:00,30.634073167694677,64,15
2024-04-03 17:58:00,25.967734501940658,62,15
2024-04-03 18:00:00,20.78377478830467,75,15
2024-04-03 18:02:00,37.0965214896819,70,15
2024-04-03 18:04:00,20.256433449560504,76,15
2024-04-03 18:06:00,30.17379667437182,85,15
2024-04-03 18:08:00,33.22813465770264,66,15
2024-04-03 18:10:00,23.73483402197421,83,15
2024-04-03 18:12:00,40.72294808123492,81,15
2024-04-03 18:14:00,24.05103829113682,80,15
2024-04-03 18:16:00,23.776282313934345,54,15
2024-04-03 18:18:00,21.091168121340722,61,15
2024-04-03 18:20:00,23.449774634660272,62,15
2024-04-03 18:22:00,30.20994556910924,65,15
2024-04-03 18:24:00,25.636199768120164,76,15
2024-04-03 18:26:00,26.708126832538515,85,15
2024-04-03 18:28:00,27.049100053160917,65,15
2024-04-03 18:30:00,27.459724354386815,67,15
2024-04-03 18:32:00,25.85848723518762,73,15
2024-04-03 18:34:00,26.94831053858691,60,15
2024-04-03 18:36:00,26.124368853365976,65,15
2024-04-03 18:38:00,23.538903383938425,75,15
2024-04-03 18:40:00,21.148465849512885,67,15
2024-04-03 18:42:00,25.966509112773604,70,15
2024-04-03 18:44:00,23.84074800834726,66,15
2024-04-03 18:46:00,21.47669905242791,66,15
2024-04-03 18:48:00,20.890811953978915,79,15
2024-04-03 18:50:00,22.071527566466518,66,15
2024-04-03 18:52:00,20.720629407923838,64,15
2024-04-03 18:54:00,22.524228198950247,73,15
2024-04-03 18:56:00,22.40144371488502,70,15
2024-04-03 18:58:00,21.634653121617873,77,15
2024-04-03 19:00:00,24.37942856171239,54,15
2024-04-03 19:02:00,35.730423820763164,62,15
2024-04-03 19:04:00,27.583751798342185,77,15
2024-04-03 19:06:00,21.74261943141561,68,15
2024-04-03 19:08:00,12.249133666095071,76,15
2024-04-03 19:10:00,17.68753991738886,57,15
2024-04-03 19:12:00,18.374840883009064,90,15
2024-04-03 19:14:00,7.766404729006592,71,11
2024-04-03 19:16:00,19.682927964145495,58,15
2024-04-03 19:18:00,16.808470113779105,58,15
2024-04-03 19:20:00,23.051679654193673,51,15
2024-04-03 19:22:00,23.455190718389005,60,15
2024-04-03 19:24:00,22.421949230277587,49,15
2024-04-03 19:26:00,19.808588882746285,69,15
2024-04-03 19:28:00,8.412309607608659,71,12
2024-04-03 19:30:00,25.710561354457933,67,15
2024-04-03 19:32:00,20.53614344173482,61,15
2024-04-03 19:34:00,21.49594274254466,66,15
2024-04-03 19:36:00,18.374064164147793,74,15
2024-04-03 19:38:00,23.234666631872496,53,15
2024-04-03 19:40:00,15.53906764586438,76,15
2024-04-03 19:42:00,24.117068672389422,60,15
2024-04-03 19:44:00,35.088432807185775,55,15
2024-04-03 19:46:00,16.911867536853798,53,15
2024-04-03 19:48:00,23.837679039737747,54,15
2024-04-03 19:50:00,22.020469877976613,62,15
2024-04-03 19:52:00,11.501071006350914,65,15
2024-04-03 19:54:00,14.211032230284813,47,15
2024-04-03 19:56:00,30.895386969164452,65,15
2024-04-03 19:58:00,20.82818331884004,76,15
2024-04-03 20:00:00,13.324565225761226,60,15
2024-04-03 20:02:00,24.66125294864471,67,15
2024-04-03 20:04:00,18.164832577125097,74,15
2024-04-03 20:06:00,14.297078563774496,73,15
2024-04-03 20:08:00,16.614594881652376,54,15
2024-04-03 20:10:00,29.769291862069505,68,15
2024-04-03 20:12:00,7.3190338514656155,67,10
2024-04-03 20:14:00,15.069764836068707,21,15
2024-04-03 20:16:00,21.202190306455833,70,15
2024-04-03 20:18:00,16.753558686298184,58,15
2024-04-03 20:20:00,17.072297776873054,64,15
2024-04-03 20:22:00,17.569724507862045,49,15
2024-04-03 20:24:00,25.267033786882095,57,15
2024-04-03 20:26:00,22.88967723498982,57,15
2024-04-03 20:28:00,17.566379859481817,51,15
2024-04-03 20:30:00,12.756795640594088,60,15
2024-04-03 20:32:00,22.773686812287607,47,15
2024-04-03 20:34:00,15.929518442052057,72,15
2024-04-03 20:36:00,23.6104104528316,60,15
2024-04-03 20:38:00,11.731685547745176,56,15
2024-04-03 20:40:00,24.682507341887394,51,15
2024-04-03 20:42:00,12.660781632933741,44,15
2024-04-03 20:44:00,23.137074869928746,52,15
2024-04-03 20:46:00,19.04952568063332,56,15
2024-04-03 20:48:00,15.913308152624909,52,15
2024-04-03 20:50:00,19.83255489261465,41,15
2024-04-03 20:52:00,27.223690176540778,49,15
2024-04-03 20:54:00,14.126809167623625,74,15
2024-04-03 20:56:00,22.761327895661665,57,15
2024-04-03 20:58:00,20.403650074599074,44,15
2024-04-03 21:00:00,15.327045996053908,49,15
2024-04-03 21:02:00,22.568995956864185,44,15
2024-04-03 21:04:00,12.199254097096794,44,15
2024-04-03 21:06:00,17.615715652496046,59,15
2024-04-03 21:08:00,20.523298967243434,44,15
2024-04-03 21:10:00,10.55739955451222,60,14
2024-04-03 21:12:00,19.202264704292254,60,15
2024-04-03 21:14:00,15.36994432126884,52,15
2024-04-03 21:16:00,11.113630946354224,51,15
2024-04-03 21:18:00,9.172826033462076,57,13
2024-04-03 21:20:00,20.45418657504287,53,15
2024-04-03 21:22:00,19.9568610597917,71,15
2024-04-03 21:24:00,21.215384371431796,64,15
2024-04-03 21:26:00,18.201310230956512,56,15
2024-04-03 21:28:00,17.225756550500623,52,15
2024-04-03 21:30:00,12.090798577576823,43,15
2024-04-03 21:32:00,21.372021867945914,64,15
2024-04-03 21:34:00,8.886570175279388,69,12
2024-04-03 21:36:00,11.17428650779637,62,15
2024-04-03 21:38:00,11.051926963443037,57,15
2024-04-03 21:40:00,4.626703500126084,50,7
2024-04-03 21:42:00,14.035738036874715,41,15
2024-04-03 21:44:00,17.966694998154942,61,15
2024-04-03 21:46:00,14.619997417924846,67,15
2024-04-03 21:48:00,10.208339801085774,36,13
2024-04-03 21:50:00,13.105513645091925,58,15
2024-04-03 21:52:00,15.973386146244863,59,15
2024-04-03 21:54:00,21.749482256176407,44,15
2024-04-03 21:56:00,16.572479974907203,52,15
2024-04-03 21:58:00,16.20646873286381,43,15
2024-04-03 22:00:00,13.068807044447233,41,15
2024-04-03 22:02:00,20.539175243017965,47,15
2024-04-03 22:04:00,15.040213641463392,36,15
2024-04-03 22:06:00,11.04679042343989,41,15
2024-04-03 22:08:00,3.8230848262731296,57,6
2024-04-03 22:10:00,15.71601441319282,38,15
2024-04-03 22:12:00,18.14579240731274,60,15
2024-04-03 22:14:00,10.59520572285048,38,14
2024-04-03 22:16:00,7.560541382981645,50,10
2024-04-03 22:18:00,14.618370847578298,47,15
2024-04-03 22:20:00,13.110434568351712,64,15
2024-04-03 22:22:00,12.184276312167817,44,15
2024-04-03 22:24:00,18.438301078317245,45,15
2024-04-03 22:26:00,19.732623265071545,58,15
2024-04-03 22:28:00,17.06068772261509,54,15
2024-04-03 22:30:00,19.138640007818033,39,15
2024-04-03 22:32:00,5.137944888145569,58,8
2024-04-03 22:34:00,11.807604426151297,39,15
2024-04-03 22:36:00,12.071356138745406,58,15
2024-04-03 22:38:00,18.888677302615093,49,15
2024-04-03 22:40:00,17.1756269530255,52,15
2024-04-03 22:42:00,15.652395658778275,42,15
2024-04-03 22:44:00,9.905287921718466,44,13
2024-04-03 22:46:00,10.324528236092364,41,14
2024-04-03 22:48:00,9.712919176742712,55,13
2024-04-03 22:50:00,17.910264548681536,46,15
2024-04-03 22:52:00,10.777217261532051,42,14
2024-04-03 22:54:00,13.045119086082751,35,15
2024-04-03 22:56:00,6.569524498452105,50,9
2024-04-03 22:58:00,14.388609560652425,43,15
2024-04-03 23:00:00,15.849213004606924,42,15
2024-04-03 23:02:00,15.03155716311427,55,15
2024-04-03 23:04:00,15.37952910567558,51,15
2024-04-03 23:06:00,7.508650374203308,45,10
2024-04-03 23:08:00,15.423984449709302,61,15
2024-04-03 23:10:00,12.909121287243256,37,15
2024-04-03 23:12:00,9.423025622216347,41,13
2024-04-03 23:14:00,16.056410930633504,24,15
2024-04-03 23:16:00,11.250661068959582,48,15
2024-04-03 23:18:00,20.819073370392108,36,15
2024-04-03 23:20:00,18.59109970322761,44,15
2024-04-03 23:22:00,14.553477528361014,39,15
2024-04-03 23:24:00,10.942979573378533,51,15
2024-04-03 23:26:00,5.990893683262227,48,8
2024-04-03 23:28:00,19.510855643788627,37,15
2024-04-03 23:30:00,7.496935947877937,55,10
2024-04-03 23:32:00,7.480595593097767,37,10
2024-04-03 23:34:00,9.35035803607177,45,13
2024-04-03 23:36:00,6.312209795336861,38,9
2024-04-03 23:38:00,14.941282279527663,32,15
2024-04-03 23:40:00,14.022510821562651,62,15
2024-04-03 23:42:00,14.16790149989148,57,15
2024-04-03 23:44:00,17.804497650740675,43,15
2024-04-03 23:46:00,3.9840985135268134,47,6
2024-04-03 23:48:00,9.71644223684535,32,13
2024-04-03 23:50:00,8.922000746589081,56,12
2024-04-03 23:52:00,8.471221735122608,36,11
2024-04-03 23:54:00,18.27904081991405,40,15
2024-04-03 23:56:00,6.960917682741793,45,10
2024-04-03 23:58:00,14.213301681357715,36,15
2024-04-04 00:00:00,5.871510435044819,59,9
2024-04-04 00:02:00,20.330048891714362,62,15
2024-04-04 00:04:00,14.725453034156905,56,15
2024-04-04 00:06:00,13.238267222352073,29,15
2024-04-04 00:08:00,18.053829304044957,38,15
2024-04-04 00:10:00,0.1,47,1
2024-04-04 00:12:00,21.150724086228347,39,15
2024-04-04 00:14:00,1.1284075250729675,38,2
2024-04-04 00:16:00,12.865051410029746,49,15
2024-04-04 00:18:00,11.21770624090767,43,15
2024-04-04 00:20:00,16.756554798430894,56,15
2024-04-04 00:22:00,8.111679669232192,46,11
2024-04-04 00:24:00,12.89382752326732,51,15
2024-04-04 00:26:00,17.66390765422164,46,15
2024-04-04 00:28:00,10.264586018839404,46,14
2024-04-04 00:30:00,17.572947885749688,55,15
2024-04-04 00:32:00,16.49458710259482,40,15
2024-04-04 00:34:00,11.329314623177005,39,15
2024-04-04 00:36:00,13.644625828103308,42,15
2024-04-04 00:38:00,17.207612403501013,52,15
2024-04-04 00:40:00,13.107447801235015,41,15
2024-04-04 00:42:00,8.662390912172103,40,12
2024-04-04 00:44:00,13.802522314943921,53,15
2024-04-04 00:46:00,9.264340613631335,39,12
2024-04-04 00:48:00,15.167949853043012,32,15
2024-04-04 00:50:00,13.513940019319401,39,15
2024-04-04 00:52:00,17.61033858074025,39,15
2024-04-04 00:54:00,12.028557778585897,35,15
2024-04-04 00:56:00,9.369946741325133,46,13
2024-04-04 00:58:00,14.736888612067126,42,15
2024-04-04 01:00:00,13.316793144787319,59,15
2024-04-04 01:02:00,13.666781155370826,59,15
2024-04-04 01:04:00,15.062439401089094,26,15
2024-04-04 01:06:00,8.849295784743973,34,12
2024-04-04 01:08:00,10.544988102425366,34,14
2024-04-04 01:10:00,21.675316044273025,57,15
2024-04-04 01:12:00,8.664468942833212,59,12
2024-04-04 01:14:00,14.05378656360802,42,15
2024-04-04 01:16:00,20.724026092726294,59,15
2024-04-04 01:18:00,15.92641434318516,37,15
2024-04-04 01:20:00,13.913568253028892,42,15
2024-04-04 01:22:00,15.819868224563944,46,15
2024-04-04 01:24:00,18.34455880391902,34,15
2024-04-04 01:26:00,19.915637063957313,62,15
2024-04-04 01:28:00,18.086359504070792,41,15
2024-04-04 01:30:00,7.84220318077559,59,11
2024-04-04 01:32:00,4.883538332810161,57,7
2024-04-04 01:34:00,13.599085474755151,40,15
2024-04-04 01:36:00,25.957266506474127,55,15
2024-04-04 01:38:00,15.872307444765394,26,15
2024-04-04 01:40:00,22.167394637889416,40,15
2024-04-04 01:42:00,15.712583286212741,53,15
2024-04-04 01:44:00,12.099759280324578,63,15
2024-04-04 01:46:00,20.765045899090147,51,15
2024-04-04 01:48:00,9.777565920962143,50,13
2024-04-04 01:50:00,9.976143985940826,40,13
2024-04-04 01:52:00,14.870203251053285,51,15
2024-04-04 01:54:00,9.805504468540649,44,13
2024-04-04 01:56:00,10.580588626209895,55,14
2024-04-04 01:58:00,11.653282549327303,56,15
2024-04-04 02:00:00,12.840977160169377,63,15
2024-04-04 02:02:00,8.574841281667496,25,11
2024-04-04 02:04:00,24.904573877695654,61,15
2024-04-04 02:06:00,11.825269037837746,35,15
2024-04-04 02:08:00,9.63006322241739,45,13
2024-04-04 02:10:00,7.4180073365588335,65,11
2024-04-04 02:12:00,22.360056091730627,51,15
2024-04-04 02:14:00,8.847862905870137,60,12
2024-04-04 02:16:00,24.894024503758953,51,15
2024-04-04 02:18:00,14.406578175856112,56,15
2024-04-04 02:20:00,19.412865714173485,71,15
2024-04-04 02:22:00,7.91889334960667,60,11
2024-04-04 02:24:00,28.574990819728406,78,15
2024-04-04 02:26:00,12.83587968334081,55,15
2024-04-04 02:28:00,15.575854658217535,55,15
2024-04-04 02:30:00,14.559580946905458,59,15
2024-04-04 02:32:00,12.434363016016956,60,15
2024-04-04 02:34:00,14.002862089195334,45,15
2024-04-04 02:36:00,20.02942390094995,51,15
2024-04-04 02:38:00,15.311729500380366,41,15
2024-04-04 02:40:00,17.405645847186616,61,15
2024-04-04 02:42:00,20.757180836104133,47,15
2024-04-04 02:44:00,17.961281797378916,53,15
2024-04-04 02:46:00,21.183804967175448,52,15
2024-04-04 02:48:00,17.899233992866115,58,15
2024-04-04 02:50:00,11.586511513669025,48,15
2024-04-04 02:52:00,14.615792030542979,40,15
2024-04-04 02:54:00,17.746854223942982,49,15
2024-04-04 02:56:00,18.723340195761335,51,15
2024-04-04 02:58:00,21.205344970725495,50,15
2024-04-04 03:00:00,27.528003185552073,50,15
2024-04-04 03:02:00,13.620745305339671,52,15
2024-04-04 03:04:00,17.520431424187706,51,15
2024-04-04 03:06:00,16.49798449996165,61,15
2024-04-04 03:08:00,24.22294066501406,70,15
2024-04-04 03:10:00,13.013758740770484,74,15
2024-04-04 03:12:00,9.045420432693176,62,13
2024-04-04 03:14:00,17.7169200415201,55,15
2024-04-04 03:16:00,7.892551529517911,50,11
2024-04-04 03:18:00,11.569973722722963,51,15
2024-04-04 03:20:00,15.271700424683948,59,15
2024-04-04 03:22:00,15.009814605682909,50,15
2024-04-04 03:24:00,13.79258665643998,50,15
2024-04-04 03:26:00,24.894545358124994,53,15
2024-04-04 03:28:00,13.891794457036541,63,15
2024-04-04 03:30:00,12.223482047810673,49,15
2024-04-04 03:32:00,11.328986609484536,59,15
2024-04-04 03:34:00,21.227442993619146,50,15
2024-04-04 03:36:00,16.91073855392598,64,15
2024-04-04 03:38:00,17.733548934059925,52,15
2024-04-04 03:40:00,27.0089929119151,65,15
2024-04-04 03:42:00,21.190931031212397,57,15
2024-04-04 03:44:00,20.889831322124973,63,15
2024-04-04 03:46:00,20.23345799479427,67,15
2024-04-04 03:48:00,21.95648346904151,58,15
2024-04-04 03:50:00,11.645854994008614,44,15
2024-04-04 03:52:00,15.533481152176844,70,15
2024-04-04 03:54:00,18.680566376519387,61,15
2024-04-04 03:56:00,19.33497556818359,58,15
2024-04-04 03:58:00,21.38711664274627,72,15
2024-04-04 04:00:00,15.044513118984288,40,15
2024-04-04 04:02:00,16.34320704434009,63,15
2024-04-04 04:04:00,18.212273630220345,55,15
2024-04-04 04:06:00,25.79038829987052,81,15
2024-04-04 04:08:00,12.263186632838009,67,15
2024-04-04 04:10:00,16.407085991843708,48,15
2024-04-04 04:12:00,25.9849206052785,68,15
2024-04-04 04:14:00,15.591134265107254,40,15
2024-04-04 04:16:00,22.49317442344434,76,15
2024-04-04 04:18:00,28.758779649373135,58,15
2024-04-04 04:20:00,21.636421355118493,60,15
2024-04-04 04:22:00,19.037849417683148,61,15
2024-04-04 04:24:00,15.791355204716478,68,15
2024-04-04 04:26:00,26.286277221496455,83,15
2024-04-04 04:28:00,36.10904619351172,62,15
2024-04-04 04:30:00,23.476686180203615,93,15
2024-04-04 04:32:00,8.42933398046834,74,12
2024-04-04 04:34:00,22.903101818503117,56,15
2024-04-04 04:36:00,18.09678638531695,94,15
2024-04-04 04:38:00,15.179877982198793,50,15
2024-04-04 04:40:00,13.74080199927806,65,15
2024-04-04 04:42:00,18.910305827485754,50,15
2024-04-04 04:44:00,18.10034765520561,72,15
2024-04-04 04:46:00,15.954019778574086,58,15
2024-04-04 04:48:00,18.568638526538756,83,15
2024-04-04 04:50:00,22.389006623571998,69,15
2024-04-04 04:52:00,21.716885016236436,68,15
2024-04-04 04:54:00,25.204484673269015,62,15
2024-04-04 04:56:00,23.21193796028288,71,15
2024-04-04 04:58:00,21.359715568421304,62,15
2024-04-04 05:00:00,20.182158059584896,86,15
2024-04-04 05:02:00,23.191471880569875,48,15
2024-04-04 05:04:00,18.886465568329797,68,15
2024-04-04 05:06:00,22.172197407670605,59,15
2024-04-04 05:08:00,15.850393614092233,63,15
2024-04-04 05:10:00,19.044412475546174,56,15
2024-04-04 05:12:00,19.522942219230462,60,15
2024-04-04 05:14:00,24.256378232939714,67,15
2024-04-04 05:16:00,27.981693239747756,71,15
2024-04-04 05:18:00,30.4221192502933,77,15
2024-04-04 05:20:00,17.802640249119314,81,15
2024-04-04 05:22:00,32.329755987920535,64,15
2024-04-04 05:24:00,30.193633608828424,75,15
2024-04-04 05:26:00,25.48592101795652,66,15
2024-04-04 05:28:00,30.753924750698722,61,15
2024-04-04 05:30:00,27.9570909191445,80,15
2024-04-04 05:32:00,22.798294281460624,71,15
2024-04-04 05:34:00,24.804547755612784,77,15
2024-04-04 05:36:00,32.63380946746003,80,15
2024-04-04 05:38:00,28.26581648040051,66,15
2024-04-04 05:40:00,27.144407924921822,68,15
2024-04-04 05:42:00,33.26143994336607,79,15
2024-04-04 05:44:00,23.14434584403739,85,15
2024-04-04 05:46:00,26.830191101399524,71,15
2024-04-04 05:48:00,30.082391082450886,75,15
2024-04-04 05:50:00,39.488756757778475,55,15
2024-04-04 05:52:00,33.63636983660084,76,15
2024-04-04 05:54:00,22.880183356506464,81,15
2024-04-04 05:56:00,24.880904177482275,77,15
2024-04-04 05:58:00,30.692274546053024,53,15
2024-04-04 06:00:00,31.612701403860836,77,15
2024-04-04 06:02:00,25.818588400366167,57,15
2024-04-04 06:04:00,35.16681174110731,49,15
2024-04-04 06:06:00,28.474253548817057,72,15
2024-04-04 06:08:00,32.292644114301915,63,15
2024-04-04 06:10:00,28.686087277334558,94,15
2024-04-04 06:12:00,21.72166409400411,71,15
2024-04-04 06:14:00,26.32018139994453,67,15
2024-04-04 06:16:00,29.51897454812101,80,15
2024-04-04 06:18:00,24.087151709743484,71,15
2024-04-04 06:20:00,26.686457554096123,74,15
2024-04-04 06:22:00,34.42441064744028,78,15
2024-04-04 06:24:00,34.78458960175363,48,15
2024-04-04 06:26:00,24.901265764026125,83,15
2024-04-04 06:28:00,28.260243374445377,71,15
2024-04-04 06:30:00,26.46073481087845,73,15
2024-04-04 06:32:00,30.093500861209595,85,15
2024-04-04 06:34:00,32.74608575638755,67,15
2024-04-04 06:36:00,22.298264786026905,66,15
2024-04-04 06:38:00,36.983929183348685,76,15
2024-04-04 06:40:00,28.85670606053472,82,15
2024-04-04 06:42:00,25.84714771141258,89,15
2024-04-04 06:44:00,31.142514490566096,82,15
2024-04-04 06:46:00,30.04189351208527,83,15
2024-04-04 06:48:00,29.324308219679466,78,15
2024-04-04 06:50:00,25.873238149432723,90,15
2024-04-04 06:52:00,38.393395052608305,84,15
2024-04-04 06:54:00,26.89639183577143,88,15
2024-04-04 06:56:00,35.96238742187288,83,15
2024-04-04 06:58:00,37.58613446166636,64,15
2024-04-04 07:00:00,25.538886466693818,85,15
2024-04-04 07:02:00,33.40052877200115,85,15
2024-04-04 07:04:00,41.45456044623364,80,15
2024-04-04 07:06:00,31.431268789702166,85,15
2024-04-04 07:08:00,41.207466546828584,97,15
2024-04-04 07:10:00,28.652829221566506,78,15
2024-04-04 07:12:00,29.124236032518034,100,15
2024-04-04 07:14:00,32.2342321479624,91,15
2024-04-04 07:16:00,37.66120811124353,98,15
2024-04-04 07:18:00,34.879127031839204,68,15
2024-04-04 07:20:00,29.991449687844955,79,15
2024-04-04 07:22:00,28.132712037170855,69,15
2024-04-04 07:24:00,32.98367421937626,73,15
2024-04-04 07:26:00,29.692372866541923,88,15
2024-04-04 07:28:00,39.92117050174261,86,15
2024-04-04 07:30:00,37.36545799484076,92,15
2024-04-04 07:32:00,28.7145029443832,92,15
2024-04-04 07:34:00,29.195456578796467,79,15
2024-04-04 07:36:00,38.01812737953001,85,15
2024-04-04 07:38:00,35.110637936764185,92,15
2024-04-04 07:40:00,27.478484870232162,83,15
2024-04-04 07:42:00,25.155705305055605,61,15
2024-04-04 07:44:00,32.65181196872594,99,15
2024-04-04 07:46:00,34.000880135099216,90,15
2024-04-04 07:48:00,37.64343620812215,74,15
2024-04-04 07:50:00,37.64086204557347,96,15
2024-04-04 07:52:00,39.914448245549025,101,15
2024-04-04 07:54:00,36.02648427989575,89,15
2024-04-04 07:56:00,30.84904928318297,100,15
2024-04-04 07:58:00,26.59838234195255,87,15
2024-04-04 08:00:00,37.30862889775273,83,15
2024-04-04 08:02:00,40.76741112755777,73,15
2024-04-04 08:04:00,43.87271380810687,91,15
2024-04-04 08:06:00,31.36296134436347,103,15
2024-04-04 08:08:00,41.220421839249695,111,15
2024-04-04 08:10:00,25.39206762752236,80,15
2024-04-04 08:12:00,24.69563562054463,81,15
2024-04-04 08:14:00,31.352973993481104,108,15
2024-04-04 08:16:00,30.86619830661302,100,15
2024-04-04 08:18:00,27.31756802578659,100,15
2024-04-04 08:20:00,39.057907554670244,93,15
2024-04-04 08:22:00,35.734493799332874,114,15
2024-04-04 08:24:00,30.48197831524149,86,15
2024-04-04 08:26:00,47.72483031403979,86,15
2024-04-04 08:28:00,38.353326585824114,87,15
2024-04-04 08:30:00,41.148301186003145,94,15
2024-04-04 08:32:00,27.943800753384807,99,15
2024-04-04 08:34:00,36.60057065024794,96,15
2024-04-04 08:36:00,32.65200231739958,87,15
2024-04-04 08:38:00,41.20876535652773,95,15
2024-04-04 08:40:00,31.692382121492116,92,15
2024-04-04 08:42:00,46.59247482524167,89,15
2024-04-04 08:44:00,37.11004156730506,100,15
2024-04-04 08:46:00,34.392517694953014,108,15
2024-04-04 08:48:00,35.54524289045596,113,15
2024-04-04 08:50:00,37.063443629987205,98,15
2024-04-04 08:52:00,37.72525300650918,98,15
2024-04-04 08:54:00,48.843623281880966,106,15
2024-04-04 08:56:00,30.74323789857856,82,15
2024-04-04 08:58:00,43.53952371560539,119,15
2024-04-04 09:00:00,38.58176672777451,114,15
2024-04-04 09:02:00,43.91036073412419,103,15
2024-04-04 09:04:00,34.955152388487896,117,15
2024-04-04 09:06:00,30.654346595069896,86,15
2024-04-04 09:08:00,37.33408513409301,91,15
2024-04-04 09:10:00,37.96935800712431,103,15
2024-04-04 09:12:00,34.117682584417054,93,15
2024-04-04 09:14:00,37.71043524034911,93,15
2024-04-04 09:16:00,34.841951330731185,93,15
2024-04-04 09:18:00,39.18313863718477,91,15
2024-04-04 09:20:00,44.55779059911199,103,15
2024-04-04 09:22:00,33.983875540124735,91,15
2024-04-04 09:24:00,35.44686453894094,102,15
2024-04-04 09:26:00,35.61587650904681,93,15
2024-04-04 09:28:00,32.42937971410864,87,15
2024-04-04 09:30:00,37.17015405836496,104,15
2024-04-04 09:32:00,33.33274733655148,103,15
2024-04-04 09:34:00,41.40303547678316,94,15
2024-04-04 09:36:00,40.93427326914824,106,15
2024-04-04 09:38:00,39.20982425827923,86,15
2024-04-04 09:40:00,39.67585565038609,102,15
2024-04-04 09:42:00,31.06941212670464,94,15
2024-04-04 09:44:00,40.96887774701089,108,15
2024-04-04 09:46:00,29.8528023412346,113,15
2024-04-04 09:48:00,38.2479628502769,107,15
2024-04-04 09:50:00,53.19143382964548,98,15
2024-04-04 09:52:00,36.87760900524856,107,15
2024-04-04 09:54:00,35.072507533219685,121,15
2024-04-04 09:56:00,26.883523247309924,106,15
2024-04-04 09:58:00,33.97899619958335,93,15
2024-04-04 10:00:00,41.989134006614606,88,15
2024-04-04 10:02:00,39.11376229033657,108,15
2024-04-04 10:04:00,32.99298065256687,99,15
2024-04-04 10:06:00,38.773670085781106,98,15
2024-04-04 10:08:00,36.01876887662816,116,15
2024-04-04 10:10:00,36.212258196038235,113,15
2024-04-04 10:12:00,46.168794042027244,110,15
2024-04-04 10:14:00,39.16568780458578,104,15
2024-04-04 10:16:00,54.54286590414979,103,15
2024-04-04 10:18:00,43.592758599295145,105,15
2024-04-04 10:20:00,42.0827386660992,98,15
2024-04-04 10:22:00,45.0547980644332,100,15
2024-04-04 10:24:00,44.81239237220522,98,15
2024-04-04 10:26:00,32.31320743743724,94,15
2024-04-04 10:28:00,51.91137330389389,90,15
2024-04-04 10:30:00,37.03903399037604,123,15
2024-04-04 10:32:00,34.78310134579644,103,15
2024-04-04 10:34:00,37.17600161615898,114,15
2024-04-04 10:36:00,27.957563811883105,105,15
2024-04-04 10:38:00,39.9779390040366,110,15
2024-04-04 10:40:00,42.02767190619619,100,15
2024-04-04 10:42:00,42.83552731921896,92,15
2024-04-04 10:44:00,38.11880907610085,102,15
2024-04-04 10:46:00,43.945225505668326,104,15
2024-04-04 10:48:00,42.809391512709425,115,15
2024-04-04 10:50:00,44.200520689381904,87,15
2024-04-04 10:52:00,44.52924619446521,95,15
2024-04-04 10:54:00,38.073720182372625,110,15
2024-04-04 10:56:00,38.574663750255326,113,15
2024-04-04 10:58:00,41.8656375602768,90,15
2024-04-04 11:00:00,47.7631657476811,101,15
2024-04-04 11:02:00,41.658792260258636,110,15
2024-04-04 11:04:00,47.99611127233823,108,15
2024-04-04 11:06:00,36.643148323127924,101,15
2024-04-04 11:08:00,51.855502099045054,100,15
2024-04-04 11:10:00,39.52775024827919,109,15
2024-04-04 11:12:00,47.362023950272935,85,15
2024-04-04 11:14:00,35.955815641242154,111,15
2024-04-04 11:16:00,35.95044178671658,88,15
2024-04-04 11:18:00,39.614731147930016,100,15
2024-04-04 11:20:00,40.34967150453286,116,15
2024-04-04 11:22:00,39.043856321232006,121,15
2024-04-04 11:24:00,42.928056987661805,120,15
2024-04-04 11:26:00,35.94223046264602,110,15
2024-04-04 11:28:00,42.53600902214941,108,15
2024-04-04 11:30:00,42.92568693256387,111,15
2024-04-04 11:32:00,37.882663739777364,95,15
2024-04-04 11:34:00,37.13948963965214,111,15
2024-04-04 11:36:00,45.23348341402786,115,15
2024-04-04 11:38:00,38.87968264687795,118,15
2024-04-04 11:40:00,42.62782277294429,109,15
2024-04-04 11:42:00,50.08752467469696,94,15
2024-04-04 11:44:00,46.28096316634042,110,15
2024-04-04 11:46:00,50.813273409377835,89,15
2024-04-04 11:48:00,40.73381831352788,101,15
2024-04-04 11:50:00,38.594754937744376,80,15
2024-04-04 11:52:00,33.8202334552379,103,15
2024-04-04 11:54:00,39.05150645951572,110,15
2024-04-04 11:56:00,45.575029075653255,100,15
2024-04-04 11:58:00,44.34057202169777,110,15
2024-04-04 12:00:00,42.24932642700742,109,15
2024-04-04 12:02:00,54.86801207299501,105,15
2024-04-04 12:04:00,35.1730286620206,107,15
2024-04-04 12:06:00,39.82277498114572,116,15
2024-04-04 12:08:00,34.77306654462709,102,15
2024-04-04 12:10:00,49.027224162581064,112,15
2024-04-04 12:12:00,42.92697331276261,99,15
2024-04-04 12:14:00,45.37120832058545,109,15
2024-04-04 12:16:00,38.92442517936678,104,15
2024-04-04 12:18:00,41.28671159138361,126,15
2024-04-04 12:20:00,38.84993817713051,110,15
2024-04-04 12:22:00,52.35581975956656,120,15
2024-04-04 12:24:00,44.84282337684302,105,15
2024-04-04 12:26:00,47.59716763257329,105,15
2024-04-04 12:28:00,48.944002872334416,93,15
2024-04-04 12:30:00,39.166715086045556,103,15
2024-04-04 12:32:00,49.46988282817706,112,15
2024-04-04 12:34:00,39.08983802142895,109,15
2024-04-04 12:36:00,42.35761286512569,119,15
2024-04-04 12:38:00,44.31447334911053,103,15
2024-04-04 12:40:00,40.37585437743259,104,15
2024-04-04 12:42:00,42.12311526389775,95,15
2024-04-04 12:44:00,39.19643331169452,101,15
2024-04-04 12:46:00,41.980211046530464,90,15
2024-04-04 12:48:00,44.53772413232992,98,15
2024-04-04 12:50:00,36.46735081185457,89,15
2024-04-04 12:52:00,42.10940352971423,127,15
2024-04-04 12:54:00,42.7214354017652,104,15
2024-04-04 12:56:00,46.840671877268285,120,15
2024-04-04 12:58:00,42.712626733955894,103,15
2024-04-04 13:00:00,38.671579492564874,119,15
2024-04-04 13:02:00,35.10367204377124,105,15
2024-04-04 13:04:00,42.45998885744619,106,15
2024-04-04 13:06:00,42.35545206148701,84,15
2024-04-04 13:08:00,28.581316886574967,115,15
2024-04-04 13:10:00,45.17948323622213,105,15
2024-04-04 13:12:00,40.07609594290194,115,15
2024-04-04 13:14:00,43.202881561877746,99,15
2024-04-04 13:16:00,40.351859950777474,97,15
2024-04-04 13:18:00,43.39763912639615,112,15
2024-04-04 13:20:00,39.05509865460357,98,15
2024-04-04 13:22:00,41.868368825031574,110,15
2024-04-04 13:24:00,43.783910002702356,106,15
2024-04-04 13:26:00,42.58256991870654,103,15
2024-04-04 13:28:00,32.93116721153882,110,15
2024-04-04 13:30:00,41.297697953708294,119,15
2024-04-04 13:32:00,43.557283942937296,102,15
2024-04-04 13:34:00,46.7711366591167,122,15
2024-04-04 13:36:00,42.421616241150225,119,15
2024-04-04 13:38:00,52.53779797408907,103,15
2024-04-04 13:40:00,41.18625018164497,87,15
2024-04-04 13:42:00,47.43779616969032,104,15
2024-04-04 13:44:00,38.261933769018064,102,15
2024-04-04 13:46:00,39.27307132549663,88,15
2024-04-04 13:48:00,49.56407759916195,103,15
2024-04-04 13:50:00,34.72852005783967,118,15
2024-04-04 13:52:00,38.07796457074046,93,15
2024-04-04 13:54:00,41.864817821644934,91,15
2024-04-04 13:56:00,49.33156590592017,105,15
2024-04-04 13:58:00,39.208494921820744,102,15
2024-04-04 14:00:00,41.50758685603434,87,15
2024-04-04 14:02:00,39.554806566952,116,15
2024-04-04 14:04:00,40.92299017914634,105,15
2024-04-04 14:06:00,33.20023060169899,121,15
2024-04-04 14:08:00,37.19885376975236,105,15
2024-04-04 14:10:00,39.043449323607284,95,15
2024-04-04 14:12:00,44.83483453485687,92,15
2024-04-04 14:14:00,48.161541884909994,84,15
2024-04-04 14:16:00,37.76864785037698,96,15
2024-04-04 14:18:00,38.73500993307709,85,15
2024-04-04 14:20:00,46.09723202751359,109,15
2024-04-04 14:22:00,49.15977736767772,116,15
2024-04-04 14:24:00,37.52621777058242,85,15
2024-04-04 14:26:00,45.534338504876835,92,15
2024-04-04 14:28:00,31.97732627572054,95,15
2024-04-04 14:30:00,46.65417962522412,98,15
2024-04-04 14:32:00,32.432176815874826,116,15
2024-04-04 14:34:00,48.62433665133207,98,15
2024-04-04 14:36:00,44.89960576858094,80,15
2024-04-04 14:38:00,37.86307111582814,110,15
2024-04-04 14:40:00,35.09337070792912,99,15
2024-04-04 14:42:00,35.45050786940188,111,15
2024-04-04 14:44:00,45.07815508130238,99,15
2024-04-04 14:46:00,41.2213439755664,115,15
2024-04-04 14:48:00,38.16370835453956,71,15
2024-04-04 14:50:00,28.558793482311042,102,15
2024-04-04 14:52:00,45.804560202597344,98,15
2024-04-04 14:54:00,35.12279212245032,94,15
2024-04-04 14:56:00,36.674223205587744,105,15
2024-04-04 14:58:00,35.52221110355814,78,15
2024-04-04 15:00:00,40.90644372440008,92,15
2024-04-04 15:02:00,47.558258016813255,88,15
2024-04-04 15:04:00,36.52779619452541,81,15
2024-04-04 15:06:00,41.8550140805747,90,15
2024-04-04 15:08:00,31.289637048132736,85,15
2024-04-04 15:10:00,38.42015049606578,88,15
2024-04-04 15:12:00,31.364538903082508,84,15
2024-04-04 15:14:00,35.56539784793684,99,15
2024-04-04 15:16:00,37.838002691457326,90,15
2024-04-04 15:18:00,45.56967097648792,105,15
2024-04-04 15:20:00,33.53868452770552,103,15
2024-04-04 15:22:00,44.61118659139839,84,15
2024-04-04 15:24:00,44.23346122854299,86,15
2024-04-04 15:26:00,31.64607128790294,109,15
2024-04-04 15:28:00,37.59365248018235,99,15
2024-04-04 15:30:00,28.422708224007096,118,15
2024-04-04 15:32:00,32.09487713034341,99,15
2024-04-04 15:34:00,30.473126409520187,101,15
2024-04-04 15:36:00,43.73247443762729,87,15
2024-04-04 15:38:00,31.130827194058238,88,15
2024-04-04 15:40:00,39.17511326960245,102,15
2024-04-04 15:42:00,41.640806490673896,86,15
2024-04-04 15:44:00,33.12227239587128,97,15
2024-04-04 15:46:00,30.213186096766936,73,15
2024-04-04 15:48:00,45.126523536446214,78,15
2024-04-04 15:50:00,29.28135331781553,88,15
2024-04-04 15:52:00,35.20405923548597,105,15
2024-04-04 15:54:00,37.13727272544014,95,15
2024-04-04 15:56:00,35.47700823984422,66,15
2024-04-04 15:58:00,38.35095262098314,100,15
2024-04-04 16:00:00,36.68306146997492,83,15
2024-04-04 16:02:00,31.814173119336903,98,15
2024-04-04 16:04:00,29.1426795592177,98,15
2024-04-04 16:06:00,36.84627612466156,90,15
2024-04-04 16:08:00,37.00148427655951,98,15
2024-04-04 16:10:00,37.37744059030101,88,15
2024-04-04 16:12:00,39.81858144214968,91,15
2024-04-04 16:14:00,38.44703919515184,75,15
2024-04-04 16:16:00,40.50043611250692,87,15
2024-04-04 16:18:00,44.24578185006065,85,15
2024-04-04 16:20:00,40.70406616901145,92,15
2024-04-04 16:22:00,30.103137559368218,76,15
2024-04-04 16:24:00,39.83948224117238,109,15
2024-04-04 16:26:00,31.45281267089524,96,15
2024-04-04 16:28:00,35.99083868078712,71,15
2024-04-04 16:30:00,41.952608584899565,90,15
2024-04-04 16:32:00,36.971363912926236,57,15
2024-04-04 16:34:00,38.921619991343064,79,15
2024-04-04 16:36:00,30.27079738964345,93,15
2024-04-04 16:38:00,29.824787934381305,82,15
2024-04-04 16:40:00,30.609590754965968,81,15
2024-04-04 16:42:00,32.39572116764552,75,15
2024-04-04 16:44:00,29.52495662949442,91,15
2024-04-04 16:46:00,34.45876958161715,74,15
2024-04-04 16:48:00,44.50557766202759,86,15
2024-04-04 16:50:00,43.22716646631401,81,15
2024-04-04 16:52:00,29.502557753449146,91,15
2024-04-04 16:54:00,30.79174789770628,86,15
2024-04-04 16:56:00,28.601546435758166,105,15
2024-04-04 16:58:00,28.754708887776022,95,15
2024-04-04 17:00:00,26.415267352886232,86,15
2024-04-04 17:02:00,35.530742609325735,94,15
2024-04-04 17:04:00,34.14342087318284,72,15
2024-04-04 17:06:00,38.02627207786727,92,15
2024-04-04 17:08:00,31.05515705470183,72,15
2024-04-04 17:10:00,41.51369201808369,94,15
2024-04-04 17:12:00,29.658080463607284,77,15
2024-04-04 17:14:00,28.02930728353943,78,15
2024-04-04 17:16:00,33.11525483430127,81,15
2024-04-04 17:18:00,28.110238358681958,52,15
2024-04-04 17:20:00,33.42038290534668,100,15
2024-04-04 17:22:00,32.95694336683307,85,15
2024-04-04 17:24:00,29.510675100810968,80,15
2024-04-04 17:26:00,32.638928547838574,79,15
2024-04-04 17:28:00,30.133661196469873,72,15
2024-04-04 17:30:00,31.22681391659902,67,15
2024-04-04 17:32:00,25.211264096458127,78,15
2024-04-04 17:34:00,28.10527476799187,66,15
2024-04-04 17:36:00,37.069887712968885,68,15
2024-04-04 17:38:00,30.406518155193865,78,15
2024-04-04 17:40:00,30.32027167739659,86,15
2024-04-04 17:42:00,31.369656417034165,78,15
2024-04-04 17:44:00,40.23039832621855,82,15
2024-04-04 17:46:00,30.626882528041,73,15
2024-04-04 17:48:00,26.169223712754764,73,15
2024-04-04 17:50:00,32.361906462611834,78,15
2024-04-04 17:52:00,38.36779960795093,77,15
2024-04-04 17:54:00,24.758675016246855,88,15
2024-04-04 17:56:00,21.64219430584363,77,15
2024-04-04 17:58:00,26.061155726467586,89,15
2024-04-04 18:00:00,29.55364340656325,51,15
2024-04-04 18:02:00,30.849450449332323,76,15
2024-04-04 18:04:00,29.563369702184637,88,15
2024-04-04 18:06:00,27.88898488043585,59,15
2024-04-04 18:08:00,23.97647457235804,86,15
2024-04-04 18:10:00,24.060420745738973,78,15
2024-04-04 18:12:00,22.173871398906307,67,15
2024-04-04 18:14:00,21.823135408015986,80,15
2024-04-04 18:16:00,27.616734062761495,76,15
2024-04-04 18:18:00,21.50323592313322,54,15
2024-04-04 18:20:00,26.073981010611483,75,15
2024-04-04 18:22:00,22.791542377790048,66,15
2024-04-04 18:24:00,31.848231053777535,90,15
2024-04-04 18:26:00,25.247306575033917,80,15
2024-04-04 18:28:00,30.284745644108725,72,15
2024-04-04 18:30:00,23.84900498664441,78,15
2024-04-04 18:32:00,26.461409606127447,61,15
2024-04-04 18:34:00,25.776374814899942,75,15
2024-04-04 18:36:00,26.005995485384254,76,15
2024-04-04 18:38:00,30.59794307519556,79,15
2024-04-04 18:40:00,16.676148749939173,58,15
2024-04-04 18:42:00,19.39318489653593,54,15
2024-04-04 18:44:00,25.082733265542032,72,15
2024-04-04 18:46:00,23.962510349197466,81,15
2024-04-04 18:48:00,26.97681927599407,68,15
2024-04-04 18:50:00,17.65859757656596,65,15
2024-04-04 18:52:00,21.86713065000539,88,15
2024-04-04 18:54:00,12.056830080876079,77,15
2024-04-04 18:56:00,18.617820109631495,63,15
2024-04-04 18:58:00,20.961600612851004,59,15
2024-04-04 19:00:00,20.566181846542783,89,15
2024-04-04 19:02:00,22.762826428914135,57,15
2024-04-04 19:04:00,20.813550045497845,67,15
2024-04-04 19:06:00,35.45590805581323,56,15
2024-04-04 19:08:00,20.769986531534837,76,15
2024-04-04 19:10:00,35.49735521527402,51,15
2024-04-04 19:12:00,22.90206249881793,59,15
2024-04-04 19:14:00,22.211527488998072,83,15
2024-04-04 19:16:00,23.11507885836673,64,15
2024-04-04 19:18:00,23.644546265612327,65,15
2024-04-04 19:20:00,27.47791607824136,52,15
2024-04-04 19:22:00,26.743641807308563,74,15
2024-04-04 19:24:00,24.06305106615787,71,15
2024-04-04 19:26:00,15.811052857148958,64,15
2024-04-04 19:28:00,30.366078372089692,45,15
2024-04-04 19:30:00,16.450179529436642,62,15
2024-04-04 19:32:00,35.44455032968853,72,15
2024-04-04 19:34:00,28.294505781871557,76,15
2024-04-04 19:36:00,15.724517963657426,70,15
2024-04-04 19:38:00,22.459053476917216,63,15
2024-04-04 19:40:00,14.538517174616546,72,15
2024-04-04 19:42:00,19.650357192825393,63,15
2024-04-04 19:44:00,20.97257198157377,73,15
2024-04-04 19:46:00,22.65459159796025,69,15
2024-04-04 19:48:00,22.238683769630995,62,15
2024-04-04 19:50:00,16.892352176181674,54,15
2024-04-04 19:52:00,11.998352849350159,88,15
2024-04-04 19:54:00,22.455167288803544,64,15
2024-04-04 19:56:00,10.863574643630281,59,15
2024-04-04 19:58:00,21.607023547759724,50,15
2024-04-04 20:00:00,20.116495413260104,52,15
2024-04-04 20:02:00,24.35958091132727,77,15
2024-04-04 20:04:00,21.164578375885178,64,15
2024-04-04 20:06:00,23.41118126833522,67,15
2024-04-04 20:08:00,16.57603043733059,50,15
2024-04-04 20:10:00,28.33212602261287,52,15
2024-04-04 20:12:00,17.266083355056473,48,15
2024-04-04 20:14:00,17.22414934674569,46,15
2024-04-04 20:16:00,13.095974833208246,41,15
2024-04-04 20:18:00,16.622724735942388,56,15
2024-04-04 20:20:00,18.66437733986226,34,15
2024-04-04 20:22:00,28.677149416178068,63,15
2024-04-04 20:24:00,15.863297289009648,57,15
2024-04-04 20:26:00,23.123109863576442,59,15
2024-04-04 20:28:00,23.090805282931992,61,15
2024-04-04 20:30:00,19.09257525774987,57,15
2024-04-04 20:32:00,21.90168660029332,53,15
2024-04-04 20:34:00,10.02074712323876,67,14
2024-04-04 20:36:00,14.775094100618618,53,15
2024-04-04 20:38:00,20.356603244236958,77,15
2024-04-04 20:40:00,16.875643417968178,60,15
2024-04-04 20:42:00,24.335173800426134,51,15
2024-04-04 20:44:00,21.536868452537725,54,15
2024-04-04 20:46:00,28.21928728482614,63,15
2024-04-04 20:48:00,13.949730723823405,49,15
2024-04-04 20:50:00,16.45090602773027,56,15
2024-04-04 20:52:00,27.166399899273202,73,15
2024-04-04 20:54:00,19.49364910987186,52,15
2024-04-04 20:56:00,22.138641646025675,62,15
2024-04-04 20:58:00,14.559139054658552,66,15
2024-04-04 21:00:00,14.354229384210226,54,15
2024-04-04 21:02:00,15.03051115631028,61,15
2024-04-04 21:04:00,11.76942170855759,61,15
2024-04-04 21:06:00,19.66267562498617,57,15
2024-04-04 21:08:00,29.5004582676578,49,15
2024-04-04 21:10:00,19.8249580605648,39,15
2024-04-04 21:12:00,21.571309302011315,53,15
2024-04-04 21:14:00,3.122252356232064,44,5
2024-04-04 21:16:00,12.966800970682716,65,15
2024-04-04 21:18:00,4.252874580022413,50,6
2024-04-04 21:20:00,7.392161257546029,63,11
2024-04-04 21:22:00,19.620195124775893,45,15
2024-04-04 21:24:00,14.660418445805451,64,15
2024-04-04 21:26:00,19.52582438141176,34,15
2024-04-04 21:28:00,25.77236135925383,66,15
2024-04-04 21:30:00,11.38933305297762,52,15
2024-04-04 21:32:00,14.709864365253608,54,15
2024-04-04 21:34:00,20.96785883055317,57,15
2024-04-04 21:36:00,17.680735434892163,63,15
2024-04-04 21:38:00,13.793450176997466,52,15
2024-04-04 21:40:00,16.499797808121446,50,15
2024-04-04 21:42:00,15.746556362912576,53,15
2024-04-04 21:44:00,24.46012419322186,50,15
2024-04-04 21:46:00,17.43361702568913,53,15
2024-04-04 21:48:00,12.967421666826246,57,15
2024-04-04 21:50:00,16.78525760186796,68,15
2024-04-04 21:52:00,17.395271395611235,57,15
2024-04-04 21:54:00,17.74327941287451,45,15
2024-04-04 21:56:00,11.762718625798403,32,15
2024-04-04 21:58:00,23.048105432573543,73,15
2024-04-04 22:00:00,15.939178852887089,64,15
2024-04-04 22:02:00,17.76970233992941,45,15
2024-04-04 22:04:00,9.071783543452504,43,12
2024-04-04 22:06:00,6.339712621759329,45,9
2024-04-04 22:08:00,13.127980867954783,49,15
2024-04-04 22:10:00,10.546872507065766,51,14
2024-04-04 22:12:00,27.12316070628561,44,15
2024-04-04 22:14:00,8.706065279389362,31,12
2024-04-04 22:16:00,14.809979396976228,57,15
2024-04-04 22:18:00,18.16776301085954,57,15
2024-04-04 22:20:00,14.586686757993803,40,15
2024-04-04 22:22:00,13.122359772319342,45,15
2024-04-04 22:24:00,15.720887932785772,65,15
2024-04-04 22:26:00,16.266308841158526,43,15
2024-04-04 22:28:00,14.340320060292932,64,15
2024-04-04 22:30:00,10.911408706259627,39,14
2024-04-04 22:32:00,25.126797140163006,28,15
2024-04-04 22:34:00,8.80809531752676,60,12
2024-04-04 22:36:00,7.726593463392465,35,10
2024-04-04 22:38:00,15.106245326216705,38,15
2024-04-04 22:40:00,8.57725950205857,56,12
2024-04-04 22:42:00,9.980736151908253,30,13
2024-04-04 22:44:00,8.674932987531438,66,12
2024-04-04 22:46:00,15.50753625784026,52,15
2024-04-04 22:48:00,14.67329148722135,48,15
2024-04-04 22:50:00,14.385141795391286,39,15
2024-04-04 22:52:00,20.698305588429633,32,15
2024-04-04 22:54:00,9.91365018911608,56,14
2024-04-04 22:56:00,22.025883753305962,38,15
2024-04-04 22:58:00,19.393331961475184,52,15
2024-04-04 23:00:00,11.682341362716393,53,15
2024-04-04 23:02:00,14.807608436169845,46,15
2024-04-04 23:04:00,21.635122293913454,44,15
2024-04-04 23:06:00,5.544438568755199,39,8
2024-04-04 23:08:00,13.310071431902575,51,15
2024-04-04 23:10:00,12.848048848021,38,15
2024-04-04 23:12:00,5.003973493463118,35,7
2024-04-04 23:14:00,13.263731738109138,22,15
2024-04-04 23:16:00,14.107643997332167,31,15
2024-04-04 23:18:00,11.503274385562335,50,15
2024-04-04 23:20:00,16.344162007027933,37,15
2024-04-04 23:22:00,20.611685497166192,52,15
2024-04-04 23:24:00,10.214404011610899,38,14
2024-04-04 23:26:00,13.824116288024351,47,15
2024-04-04 23:28:00,26.681335812354476,62,15
2024-04-04 23:30:00,4.186259510377326,34,6
2024-04-04 23:32:00,19.78229574902666,43,15
2024-04-04 23:34:00,15.46703065836776,38,15
2024-04-04 23:36:00,6.999372668722097,39,10
2024-04-04 23:38:00,12.84340154456339,45,15
2024-04-04 23:40:00,7.899026890829308,39,11
2024-04-04 23:42:00,16.117054204622555,49,15
2024-04-04 23:44:00,4.347030987341606,50,6
2024-04-04 23:46:00,16.051157520535458,33,15
2024-04-04 23:48:00,11.469003661730401,48,15
2024-04-04 23:50:00,13.059561185466194,34,15
2024-04-04 23:52:00,12.046444723754584,52,15
2024-04-04 23:54:00,9.684856881443443,36,13
2024-04-04 23:56:00,8.431347692822305,59,12
2024-04-04 23:58:00,17.579208780433106,38,15
2024-04-05 00:00:00,16.32614205405742,25,15
2024-04-05 00:02:00,14.892760246474626,49,15
2024-04-05 00:04:00,9.688335509438893,44,13
2024-04-05 00:06:00,16.98487041944196,36,15
2024-04-05 00:08:00,11.802255409613002,50,15
2024-04-05 00:10:00,14.305226708723369,54,15
2024-04-05 00:12:00,10.179304657355605,55,14
2024-04-05 00:14:00,4.845931601689646,45,7
2024-04-05 00:16:00,10.338441107573392,43,14
2024-04-05 00:18:00,14.980164291692176,57,15
2024-04-05 00:20:00,8.515978163608525,46,12
2024-04-05 00:22:00,9.18740035944358,51,13
2024-04-05 00:24:00,13.792072155687112,52,15
2024-04-05 00:26:00,14.761027351038798,68,15
2024-04-05 00:28:00,11.290347443894328,63,15
2024-04-05 00:30:00,20.985461945670878,52,15
2024-04-05 00:32:00,13.655750815734772,41,15
2024-04-05 00:34:00,19.228221563980448,54,15
2024-04-05 00:36:00,20.796972192683484,43,15
2024-04-05 00:38:00,20.068339422363675,53,15
2024-04-05 00:40:00,25.849111727698595,42,15
2024-04-05 00:42:00,10.531260499053413,59,14
2024-04-05 00:44:00,11.726967243395192,44,15
2024-04-05 00:46:00,14.751030382461959,39,15
2024-04-05 00:48:00,6.146488004176016,35,8
2024-04-05 00:50:00,15.02346482981661,33,15
2024-04-05 00:52:00,23.92913088848766,57,15
2024-04-05 00:54:00,15.444532255881,34,15
2024-04-05 00:56:00,16.219709155682807,52,15
2024-04-05 00:58:00,15.766607697058587,55,15
2024-04-05 01:00:00,15.928488452602464,47,15
2024-04-05 01:02:00,10.412769165240656,55,14
2024-04-05 01:04:00,6.999872877619238,52,10
2024-04-05 01:06:00,16.652085436003745,38,15
2024-04-05 01:08:00,13.320936730684789,86,15
2024-04-05 01:10:00,15.589730411111,45,15
2024-04-05 01:12:00,12.13182689365253,53,15
2024-04-05 01:14:00,11.077932120546226,31,14
2024-04-05 01:16:00,15.871594280747136,73,15
2024-04-05 01:18:00,15.207931196725356,55,15
2024-04-05 01:20:00,12.61245896525168,39,15
2024-04-05 01:22:00,17.84743964213495,48,15
2024-04-05 01:24:00,16.228332298128354,45,15
2024-04-05 01:26:00,18.384454726576756,41,15
2024-04-05 01:28:00,17.128543258323237,46,15
2024-04-05 01:30:00,13.771084010833642,47,15
2024-04-05 01:32:00,29.160076111386545,47,15
2024-04-05 01:34:00,15.478983973941903,49,15
2024-04-05 01:36:00,20.98172853981987,35,15
2024-04-05 01:38:00,15.255086988392293,39,15
2024-04-05 01:40:00,13.8153104939059,49,15
2024-04-05 01:42:00,17.47024456774068,57,15
2024-04-05 01:44:00,20.39708925258099,45,15
2024-04-05 01:46:00,12.285731537417426,66,15
2024-04-05 01:48:00,17.968483763892806,37,15
2024-04-05 01:50:00,12.039889106390433,45,15
2024-04-05 01:52:00,25.470008743431194,50,15
2024-04-05 01:54:00,14.979440208232404,49,15
2024-04-05 01:56:00,13.403778973669453,63,15
2024-04-05 01:58:00,13.822505397728829,58,15
2024-04-05 02:00:00,10.197785267404676,55,14
2024-04-05 02:02:00,19.661427579374223,66,15
2024-04-05 02:04:00,8.5455809670156,61,12
2024-04-05 02:06:00,18.270405846464516,34,15
2024-04-05 02:08:00,19.127466663945004,55,15
2024-04-05 02:10:00,14.021936599929694,50,15
2024-04-05 02:12:00,18.11432910204262,44,15
2024-04-05 02:14:00,16.436745606247122,51,15
2024-04-05 02:16:00,14.743733172884125,35,15
2024-04-05 02:18:00,8.838229055735582,50,12
2024-04-05 02:20:00,22.007887280994858,57,15
2024-04-05 02:22:00,15.079939709808649,54,15
2024-04-05 02:24:00,13.174660810574853,53,15
2024-04-05 02:26:00,22.879062518794214,38,15
2024-04-05 02:28:00,16.135821463874944,44,15
2024-04-05 02:30:00,13.306347148468824,48,15
2024-04-05 02:32:00,11.757275602234156,65,15
2024-04-05 02:34:00,17.670585056466273,50,15
2024-04-05 02:36:00,7.518086598170646,56,11
2024-04-05 02:38:00,20.019194179561836,59,15
2024-04-05 02:40:00,17.188360162484162,36,15
2024-04-05 02:42:00,12.027677729762303,53,15
2024-04-05 02:44:00,14.463622450098843,58,15
2024-04-05 02:46:00,22.11431368972707,52,15
2024-04-05 02:48:00,14.97662311950321,40,15
2024-04-05 02:50:00,17.825886933350503,66,15
2024-04-05 02:52:00,15.356480126634313,41,15
2024-04-05 02:54:00,27.485614627044505,51,15
2024-04-05 02:56:00,16.185298010715083,62,15
2024-04-05 02:58:00,22.817436611204336,48,15
2024-04-05 03:00:00,20.530589051787217,57,15
2024-04-05 03:02:00,20.068462734929753,62,15
2024-04-05 03:04:00,14.737687016024664,53,15
2024-04-05 03:06:00,15.700037435464214,47,15
2024-04-05 03:08:00,18.982081755085098,26,15
2024-04-05 03:10:00,12.672955027653316,57,15
2024-04-05 03:12:00,15.883880543427674,62,15
2024-04-05 03:14:00,17.812282271099207,47,15
2024-04-05 03:16:00,14.164408686833593,58,15
2024-04-05 03:18:00,8.285757565135242,52,11
2024-04-05 03:20:00,11.592268621479041,54,15
2024-04-05 03:22:00,14.133004686863194,70,15
2024-04-05 03:24:00,16.962687866699515,64,15
2024-04-05 03:26:00,24.757955134491965,49,15
2024-04-05 03:28:00,4.379039412405781,76,7
2024-04-05 03:30:00,15.480712167022096,49,15
2024-04-05 03:32:00,13.008000628396857,44,15
2024-04-05 03:34:00,16.82225422599874,67,15
2024-04-05 03:36:00,17.87971025140456,68,15
2024-04-05 03:38:00,18.963599455992625,61,15
2024-04-05 03:40:00,25.840449360075134,55,15
2024-04-05 03:42:00,27.699276748546545,50,15
2024-04-05 03:44:00,18.98076351243026,52,15
2024-04-05 03:46:00,24.457416259748804,72,15
2024-04-05 03:48:00,16.035819735928314,58,15
2024-04-05 03:50:00,27.761509726165862,49,15
2024-04-05 03:52:00,12.249759906357944,64,15
2024-04-05 03:54:00,13.251202249241306,59,15
2024-04-05 03:56:00,19.575094709200567,56,15
2024-04-05 03:58:00,25.200534457652292,63,15
2024-04-05 04:00:00,17.65591128380259,57,15
2024-04-05 04:02:00,22.750471550553826,51,15
2024-04-05 04:04:00,28.01691339797921,55,15
2024-04-05 04:06:00,25.835880513836337,63,15
2024-04-05 04:08:00,16.694676494079193,79,15
2024-04-05 04:10:00,22.731444802284194,65,15
2024-04-05 04:12:00,17.17294490554834,56,15
2024-04-05 04:14:00,23.360533710537418,59,15
2024-04-05 04:16:00,20.98653179521306,61,15
2024-04-05 04:18:00,30.185859021875633,76,15
2024-04-05 04:20:00,10.178938316447216,55,14
2024-04-05 04:22:00,25.207197889042043,65,15
2024-04-05 04:24:00,21.946455279398652,70,15
2024-04-05 04:26:00,30.962215234931953,58,15
2024-04-05 04:28:00,18.415774331682858,67,15
2024-04-05 04:30:00,24.60128760125067,71,15
2024-04-05 04:32:00,21.01723161509767,48,15
2024-04-05 04:34:00,26.575358294951243,61,15
2024-04-05 04:36:00,20.660077466116988,66,15
2024-04-05 04:38:00,19.976629879518516,67,15
2024-04-05 04:40:00,17.877234304311642,64,15
2024-04-05 04:42:00,15.888568422275089,64,15
2024-04-05 04:44:00,26.22817603175761,73,15
2024-04-05 04:46:00,23.830590338389726,74,15
2024-04-05 04:48:00,21.656992453867353,73,15
2024-04-05 04:50:00,29.26166302060394,60,15
2024-04-05 04:52:00,21.432342862815148,73,15
2024-04-05 04:54:00,32.104355613287865,69,15
2024-04-05 04:56:00,23.45253219170129,80,15
2024-04-05 04:58:00,24.097808170740866,76,15
2024-04-05 05:00:00,16.32643901469845,71,15
2024-04-05 05:02:00,23.941589544254455,55,15
2024-04-05 05:04:00,28.84837239456059,77,15
2024-04-05 05:06:00,19.960196909099572,60,15
2024-04-05 05:08:00,16.71886157046498,62,15
2024-04-05 05:10:00,24.397210658832392,67,15
2024-04-05 05:12:00,21.596107832105787,74,15
2024-04-05 05:14:00,25.798313125480682,62,15
2024-04-05 05:16:00,25.8858002999295,71,15
2024-04-05 05:18:00,24.35828642665271,58,15
2024-04-05 05:20:00,23.73231021758709,67,15
2024-04-05 05:22:00,24.76459987969243,64,15
2024-04-05 05:24:00,28.370275284427912,95,15
2024-04-05 05:26:00,29.119643557088615,68,15
2024-04-05 05:28:00,33.31795582099005,81,15
2024-04-05 05:30:00,27.78239907280978,72,15
2024-04-05 05:32:00,24.6982920725519,72,15
2024-04-05 05:34:00,28.721240558156467,76,15
2024-04-05 05:36:00,39.150298026377435,72,15
2024-04-05 05:38:00,29.253048378602937,65,15
2024-04-05 05:40:00,16.319325453667833,66,15
2024-04-05 05:42:00,24.465411828273947,68,15
2024-04-05 05:44:00,23.892865937325467,80,15
2024-04-05 05:46:00,25.056017007888357,76,15
2024-04-05 05:48:00,24.86521828038624,73,15
2024-04-05 05:50:00,31.056876278408993,96,15
2024-04-05 05:52:00,31.001669856317722,71,15
2024-04-05 05:54:00,21.59188498427146,62,15
2024-04-05 05:56:00,27.354422820949612,74,15
2024-04-05 05:58:00,25.695508269670118,82,15
2024-04-05 06:00:00,25.82296462711872,84,15
2024-04-05 06:02:00,28.662226580336185,91,15
2024-04-05 06:04:00,33.481489687232056,81,15
2024-04-05 06:06:00,27.93809570875023,95,15
2024-04-05 06:08:00,25.48232141357075,84,15
2024-04-05 06:10:00,33.742960408639796,91,15
2024-04-05 06:12:00,24.451342775258993,84,15
2024-04-05 06:14:00,35.81479734169523,78,15
2024-04-05 06:16:00,35.16944222161757,75,15
2024-04-05 06:18:00,30.435707140448944,64,15
2024-04-05 06:20:00,26.355858764190813,77,15
2024-04-05 06:22:00,21.583485361166467,95,15
2024-04-05 06:24:00,26.497368409017305,74,15
2024-04-05 06:26:00,32.40212152074044,88,15
2024-04-05 06:28:00,24.608363374599456,104,15
2024-04-05 06:30:00,24.709742779776963,92,15
2024-04-05 06:32:00,35.0710553032287,70,15
2024-04-05 06:34:00,37.991776498063395,77,15
2024-04-05 06:36:00,34.51405501457185,73,15
2024-04-05 06:38:00,27.592413790386157,84,15
2024-04-05 06:40:00,31.052122744088013,73,15
2024-04-05 06:42:00,35.43674968649684,85,15
2024-04-05 06:44:00,36.758273053992255,87,15
2024-04-05 06:46:00,33.11813167666392,80,15
2024-04-05 06:48:00,28.07788343751225,90,15
2024-04-05 06:50:00,29.7281405825392,90,15
2024-04-05 06:52:00,36.86589544485051,70,15
2024-04-05 06:54:00,32.82043230764814,71,15
2024-04-05 06:56:00,33.61558262653226,85,15
2024-04-05 06:58:00,34.72166412176941,88,15
2024-04-05 07:00:00,32.896229096015745,77,15
2024-04-05 07:02:00,22.722783018451643,82,15
2024-04-05 07:04:00,29.265729222097576,77,15
2024-04-05 07:06:00,28.90042726281925,91,15
2024-04-05 07:08:00,32.17767265150957,85,15
2024-04-05 07:10:00,26.948881360744178,85,15
2024-04-05 07:12:00,38.068631439937164,80,15
2024-04-05 07:14:00,39.43771887724483,69,15
2024-04-05 07:16:00,27.676963507809365,63,15
2024-04-05 07:18:00,29.3543304794581,68,15
2024-04-05 07:20:00,30.636701793958853,101,15
2024-04-05 07:22:00,38.8297510171483,86,15
2024-04-05 07:24:00,31.125983311243232,95,15
2024-04-05 07:26:00,34.81735922344066,103,15
2024-04-05 07:28:00,34.998242759255874,93,15
2024-04-05 07:30:00,40.499969459455,98,15
2024-04-05 07:32:00,39.08479540634707,73,15
2024-04-05 07:34:00,30.70416415225419,94,15
2024-04-05 07:36:00,27.29590789259585,96,15
2024-04-05 07:38:00,27.838448355660475,77,15
2024-04-05 07:40:00,24.979501118798517,78,15
2024-04-05 07:42:00,33.13536677772407,88,15
2024-04-05 07:44:00,33.72524369820848,89,15
2024-04-05 07:46:00,31.776734410704712,83,15
2024-04-05 07:48:00,33.94701194263533,99,15
2024-04-05 07:50:00,38.55995768953432,81,15
2024-04-05 07:52:00,32.482389006138014,88,15
2024-04-05 07:54:00,35.2245085710502,87,15
2024-04-05 07:56:00,37.723338754330236,112,15
2024-04-05 07:58:00,29.566233447812934,95,15
2024-04-05 08:00:00,39.11809433581461,81,15
2024-04-05 08:02:00,28.248436652424246,99,15
2024-04-05 08:04:00,42.2652693054985,99,15
2024-04-05 08:06:00,36.89480065992251,87,15
2024-04-05 08:08:00,36.84158504747658,86,15
2024-04-05 08:10:00,35.53002725987339,90,15
2024-04-05 08:12:00,28.61146147596733,133,15
2024-04-05 08:14:00,43.71860523700312,101,15
2024-04-05 08:16:00,32.88705237237942,93,15
2024-04-05 08:18:00,31.69093276843138,99,15
2024-04-05 08:20:00,41.08429474931057,69,15
2024-04-05 08:22:00,30.466052424676096,81,15
2024-04-05 08:24:00,33.46626985924495,84,15
2024-04-05 08:26:00,37.80399312778876,107,15
2024-04-05 08:28:00,35.5084150226249,109,15
2024-04-05 08:30:00,35.4694633307479,88,15
2024-04-05 08:32:00,38.666801152338664,70,15
2024-04-05 08:34:00,47.81213182393347,113,15
2024-04-05 08:36:00,32.01847625789364,73,15
2024-04-05 08:38:00,45.041269194926926,80,15
2024-04-05 08:40:00,31.942510106353822,102,15
2024-04-05 08:42:00,42.428287470697406,95,15
2024-04-05 08:44:00,39.985492382277215,89,15
2024-04-05 08:46:00,34.07592060334201,98,15
2024-04-05 08:48:00,33.875476563440806,78,15
2024-04-05 08:50:00,33.887995268173256,89,15
2024-04-05 08:52:00,37.278514453424535,96,15
2024-04-05 08:54:00,44.57367356164709,101,15
2024-04-05 08:56:00,45.45346901034311,106,15
2024-04-05 08:58:00,38.141920536409806,81,15
2024-04-05 09:00:00,38.738103741250356,83,15
2024-04-05 09:02:00,39.290968162976924,99,15
2024-04-05 09:04:00,39.703244038592445,104,15
2024-04-05 09:06:00,38.412536566276735,103,15
2024-04-05 09:08:00,39.49803905910316,94,15
2024-04-05 09:10:00,37.80008025117571,87,15
2024-04-05 09:12:00,35.68045320838446,109,15
2024-04-05 09:14:00,44.20826868061725,114,15
2024-04-05 09:16:00,41.891162566746644,91,15
2024-04-05 09:18:00,40.57811776243319,105,15
2024-04-05 09:20:00,33.58223929977298,101,15
2024-04-05 09:22:00,43.194131997694235,95,15
2024-04-05 09:24:00,35.13887643947451,94,15
2024-04-05 09:26:00,44.30690759344107,95,15
2024-04-05 09:28:00,39.88208455763277,101,15
2024-04-05 09:30:00,35.278825138613314,121,15
2024-04-05 09:32:00,38.362246295884006,83,15
2024-04-05 09:34:00,33.67710653421645,108,15
2024-04-05 09:36:00,43.032379978479305,96,15
2024-04-05 09:38:00,49.190984461897884,109,15
2024-04-05 09:40:00,44.923691079204985,97,15
2024-04-05 09:42:00,40.028437607442356,100,15
2024-04-05 09:44:00,49.054961567554784,113,15
2024-04-05 09:46:00,36.86468733187762,100,15
2024-04-05 09:48:00,45.87353898280498,96,15
2024-04-05 09:50:00,32.05413144685923,95,15
2024-04-05 09:52:00,46.40738110129098,108,15
2024-04-05 09:54:00,41.607515173990116,100,15
2024-04-05 09:56:00,31.1663844219271,93,15
2024-04-05 09:58:00,39.43812257965851,102,15
2024-04-05 10:00:00,37.01620722427171,92,15
2024-04-05 10:02:00,46.67899446254657,110,15
2024-04-05 10:04:00,51.41623469335481,105,15
2024-04-05 10:06:00,32.857635586015334,91,15
2024-04-05 10:08:00,39.26487880118974,90,15
2024-04-05 10:10:00,43.16826486415396,109,15
2024-04-05 10:12:00,32.17757297735467,116,15
2024-04-05 10:14:00,38.60659520716844,94,15
2024-04-05 10:16:00,43.20007222483429,104,15
2024-04-05 10:18:00,46.54655825246767,87,15
2024-04-05 10:20:00,38.620837283083695,98,15
2024-04-05 10:22:00,38.65873598819405,106,15
2024-04-05 10:24:00,41.26353613610894,90,15
2024-04-05 10:26:00,43.03834588071462,113,15
2024-04-05 10:28:00,42.41976203620202,98,15
2024-04-05 10:30:00,41.64502797775633,93,15
2024-04-05 10:32:00,43.02350119796553,107,15
2024-04-05 10:34:00,47.20254530477138,108,15
2024-04-05 10:36:00,48.910294324976505,114,15
2024-04-05 10:38:00,51.85196830579746,98,15
2024-04-05 10:40:00,40.1420251769189,128,15
2024-04-05 10:42:00,47.2048251292789,109,15
2024-04-05 10:44:00,39.396530409172215,94,15
2024-04-05 10:46:00,33.9347775312921,110,15
2024-04-05 10:48:00,42.687726389047384,119,15
2024-04-05 10:50:00,42.479272734660356,78,15
2024-04-05 10:52:00,40.105244687285015,105,15
2024-04-05 10:54:00,45.36842168861134,119,15
2024-04-05 10:56:00,38.13167536365543,102,15
2024-04-05 10:58:00,43.42531433133948,104,15
2024-04-05 11:00:00,38.492020307040434,107,15
2024-04-05 11:02:00,39.84936004132005,101,15
2024-04-05 11:04:00,49.49053744705973,116,15
2024-04-05 11:06:00,57.8896566798615,115,15
2024-04-05 11:08:00,44.40364860810456,93,15
2024-04-05 11:10:00,52.16853479073785,103,15
2024-04-05 11:12:00,40.23191208089869,90,15
2024-04-05 11:14:00,47.414960998576866,114,15
2024-04-05 11:16:00,41.01191381150097,112,15
2024-04-05 11:18:00,47.50228950681078,100,15
2024-04-05 11:20:00,44.39830891810433,98,15
2024-04-05 11:22:00,37.34295435662618,98,15
2024-04-05 11:24:00,49.61481072750251,108,15
2024-04-05 11:26:00,45.616886235535944,89,15
2024-04-05 11:28:00,39.739240425311735,102,15
2024-04-05 11:30:00,39.873547471595984,116,15
2024-04-05 11:32:00,31.550646498382967,100,15
2024-04-05 11:34:00,42.77795640675665,119,15
2024-04-05 11:36:00,46.876769064492194,110,15
2024-04-05 11:38:00,37.187787575384235,109,15
2024-04-05 11:40:00,44.4805515751889,101,15
2024-04-05 11:42:00,40.76499591776933,102,15
2024-04-05 11:44:00,45.60222706730417,107,15
2024-04-05 11:46:00,54.22609907157375,109,15
2024-04-05 11:48:00,44.00055816872029,96,15
2024-04-05 11:50:00,44.82923247787855,104,15
2024-04-05 11:52:00,46.1118656092379,103,15
2024-04-05 11:54:00,37.306484679494865,102,15
2024-04-05 11:56:00,37.515228574785255,112,15
2024-04-05 11:58:00,46.422616069948155,113,15
2024-04-05 12:00:00,41.221852889436185,123,15
2024-04-05 12:02:00,39.98742954188355,105,15
2024-04-05 12:04:00,41.30291590970054,100,15
2024-04-05 12:06:00,39.20249903972646,116,15
2024-04-05 12:08:00,47.22663755642365,126,15
2024-04-05 12:10:00,35.24720956353269,110,15
2024-04-05 12:12:00,46.55804724372426,100,15
2024-04-05 12:14:00,50.72215662295717,111,15
2024-04-05 12:16:00,44.16156605680783,122,15
2024-04-05 12:18:00,48.335787348241325,94,15
2024-04-05 12:20:00,42.909926558541585,100,15
2024-04-05 12:22:00,46.19302145394941,134,15
2024-04-05 12:24:00,45.70801932236612,106,15
2024-04-05 12:26:00,43.49311987264249,101,15
2024-04-05 12:28:00,43.073562844235425,91,15
2024-04-05 12:30:00,47.21973913724836,109,15
2024-04-05 12:32:00,44.17880296052232,106,15
2024-04-05 12:34:00,43.084521007979845,103,15
2024-04-05 12:36:00,41.64973366395807,95,15
2024-04-05 12:38:00,42.26054008075872,94,15
2024-04-05 12:40:00,38.31974770277247,118,15
2024-04-05 12:42:00,43.49420861900316,108,15
2024-04-05 12:44:00,45.62828812670053,94,15
2024-04-05 12:46:00,39.29583878670619,88,15
2024-04-05 12:48:00,41.28911855347344,119,15
2024-04-05 12:50:00,50.28330368999849,112,15
2024-04-05 12:52:00,35.45891622789601,97,15
2024-04-05 12:54:00,49.63043780114171,105,15
2024-04-05 12:56:00,45.51068060366554,104,15
2024-04-05 12:58:00,48.399173408821476,121,15
2024-04-05 13:00:00,45.98578662554861,111,15
2024-04-05 13:02:00,48.06871663750144,111,15
2024-04-05 13:04:00,43.115653981637664,122,15
2024-04-05 13:06:00,43.03836863883064,97,15
2024-04-05 13:08:00,39.49697301057196,105,15
2024-04-05 13:10:00,42.98941189050233,102,15
2024-04-05 13:12:00,44.01925426465403,102,15
2024-04-05 13:14:00,41.02858383433901,110,15
2024-04-05 13:16:00,39.05312644755338,120,15
2024-04-05 13:18:00,37.85800323953342,104,15
2024-04-05 13:20:00,34.92070010326633,98,15
2024-04-05 13:22:00,44.92026890670276,93,15
2024-04-05 13:24:00,43.02041863103639,124,15
2024-04-05 13:26:00,52.28749215505188,101,15
2024-04-05 13:28:00,45.49776924244139,100,15
2024-04-05 13:30:00,40.543977801809724,110,15
2024-04-05 13:32:00,40.082200518543544,95,15
2024-04-05 13:34:00,37.27248804551259,115,15
2024-04-05 13:36:00,30.026671562979768,74,15
2024-04-05 13:38:00,42.71220929681683,118,15
2024-04-05 13:40:00,44.52598788427711,116,15
2024-04-05 13:42:00,33.34089225643089,93,15
2024-04-05 13:44:00,47.33592367640182,106,15
2024-04-05 13:46:00,41.43546079027332,106,15
2024-04-05 13:48:00,45.6244337878355,109,15
2024-04-05 13:50:00,42.72061889006159,98,15
2024-04-05 13:52:00,32.29485049028118,109,15
2024-04-05 13:54:00,41.09910619711359,113,15
2024-04-05 13:56:00,50.19239630971691,110,15
2024-04-05 13:58:00,45.304291918444285,105,15
2024-04-05 14:00:00,48.0777995144149,107,15
2024-04-05 14:02:00,37.18929984724534,89,15
2024-04-05 14:04:00,41.48998289896535,81,15
2024-04-05 14:06:00,33.72190553440563,104,15
2024-04-05 14:08:00,46.16287053991725,87,15
2024-04-05 14:10:00,41.783850177584206,96,15
2024-04-05 14:12:00,44.42321241021507,107,15
2024-04-05 14:14:00,45.43091045928206,97,15
2024-04-05 14:16:00,39.341345732690236,89,15
2024-04-05 14:18:00,45.4457322231383,102,15
2024-04-05 14:20:00,47.375722353972506,86,15
2024-04-05 14:22:00,45.96000577406062,110,15
2024-04-05 14:24:00,48.162152368363216,116,15
2024-04-05 14:26:00,47.03421973592384,89,15
2024-04-05 14:28:00,43.70425108448265,110,15
2024-04-05 14:30:00,38.9661615583489,94,15
2024-04-05 14:32:00,37.114334758797774,117,15
2024-04-05 14:34:00,48.2438858470908,89,15
2024-04-05 14:36:00,36.221360778334216,97,15
2024-04-05 14:38:00,46.32192464305576,104,15
2024-04-05 14:40:00,36.285852136072606,106,15
2024-04-05 14:42:00,55.33795205366548,96,15
2024-04-05 14:44:00,47.8819246579517,96,15
2024-04-05 14:46:00,35.4588145836906,97,15
2024-04-05 14:48:00,42.640412923110304,87,15
2024-04-05 14:50:00,29.106135901111006,85,15
2024-04-05 14:52:00,40.613356403039454,89,15
2024-04-05 14:54:00,41.22375787977078,101,15
2024-04-05 14:56:00,45.28088486504117,86,15
2024-04-05 14:58:00,42.3991669526295,97,15
2024-04-05 15:00:00,32.19106812140936,99,15
2024-04-05 15:02:00,41.38085562468718,90,15
2024-04-05 15:04:00,42.079419137704896,103,15
2024-04-05 15:06:00,30.380335439762707,98,15
2024-04-05 15:08:00,35.193055142100825,98,15
2024-04-05 15:10:00,43.78078590942165,105,15
2024-04-05 15:12:00,47.27536822495986,104,15
2024-04-05 15:14:00,34.30153821073219,106,15
2024-04-05 15:16:00,38.81110815602242,88,15
2024-04-05 15:18:00,39.811323102009005,98,15
2024-04-05 15:20:00,40.93782519957983,99,15
2024-04-05 15:22:00,34.76648547010461,83,15
2024-04-05 15:24:00,35.789393961947354,71,15
2024-04-05 15:26:00,36.36235857770181,92,15
2024-04-05 15:28:00,27.3916454113455,91,15
2024-04-05 15:30:00,36.59265969672501,92,15
2024-04-05 15:32:00,36.0078390728797,94,15
2024-04-05 15:34:00,36.39758496153304,94,15
2024-04-05 15:36:00,43.322618386264246,92,15
2024-04-05 15:38:00,38.375011018800244,83,15
2024-04-05 15:40:00,40.82916020963354,95,15
2024-04-05 15:42:00,40.1999828259509,105,15
2024-04-05 15:44:00,37.419260125195535,92,15
2024-04-05 15:46:00,29.936779060678603,83,15
2024-04-05 15:48:00,28.903992387470357,93,15
2024-04-05 15:50:00,38.25250414639297,103,15
2024-04-05 15:52:00,36.047289962667186,100,15
2024-04-05 15:54:00,32.74047907138903,92,15
2024-04-05 15:56:00,29.414963774897057,84,15
2024-04-05 15:58:00,37.58605307296715,99,15
2024-04-05 16:00:00,31.86501360208694,99,15
2024-04-05 16:02:00,35.73241915183134,88,15
2024-04-05 16:04:00,41.790672284336694,103,15
2024-04-05 16:06:00,31.639677338798226,100,15
2024-04-05 16:08:00,38.12051065379707,85,15
2024-04-05 16:10:00,38.81026840465052,74,15
2024-04-05 16:12:00,36.184745332144466,96,15
2024-04-05 16:14:00,37.180348845258365,94,15
2024-04-05 16:16:00,41.380252765038044,90,15
2024-04-05 16:18:00,32.158065612015946,86,15
2024-04-05 16:20:00,32.437355836775,90,15
2024-04-05 16:22:00,36.34461170128948,97,15
2024-04-05 16:24:00,36.20470600476726,94,15
2024-04-05 16:26:00,40.2524116364551,92,15
2024-04-05 16:28:00,32.78003939891059,77,15
2024-04-05 16:30:00,35.20875550345768,93,15
2024-04-05 16:32:00,32.704661070478416,93,15
2024-04-05 16:34:00,35.380945840601356,84,15
2024-04-05 16:36:00,41.07051600376433,90,15
2024-04-05 16:38:00,35.766011929997546,78,15
2024-04-05 16:40:00,35.95370912443125,93,15
2024-04-05 16:42:00,38.94603667185946,94,15
2024-04-05 16:44:00,32.98842573566344,101,15
2024-04-05 16:46:00,29.490493386111087,79,15
2024-04-05 16:48:00,34.734977953393226,97,15
2024-04-05 16:50:00,27.325763618154987,97,15
2024-04-05 16:52:00,31.395978124616192,92,15
2024-04-05 16:54:00,33.88837874988442,84,15
2024-04-05 16:56:00,32.41862875441317,105,15
2024-04-05 16:58:00,32.3130100474404,88,15
2024-04-05 17:00:00,32.93719217043667,84,15
2024-04-05 17:02:00,37.505515933245945,92,15
2024-04-05 17:04:00,39.15449917183335,72,15
2024-04-05 17:06:00,29.396446951728525,116,15
2024-04-05 17:08:00,33.30234439114715,85,15
2024-04-05 17:10:00,30.691104243532862,81,15
2024-04-05 17:12:00,30.592473060190343,76,15
2024-04-05 17:14:00,30.321133532240278,94,15
2024-04-05 17:16:00,24.42136017519098,84,15
2024-04-05 17:18:00,36.19405259306786,81,15
2024-04-05 17:20:00,33.04653763048819,82,15
2024-04-05 17:22:00,26.75846916153195,79,15
2024-04-05 17:24:00,23.645871462440322,94,15
2024-04-05 17:26:00,29.80067506749794,88,15
2024-04-05 17:28:00,23.066162206101183,91,15
2024-04-05 17:30:00,33.60599533770433,83,15
2024-04-05 17:32:00,30.56200197231654,76,15
2024-04-05 17:34:00,26.92579170365143,85,15
2024-04-05 17:36:00,28.798619286288826,83,15
2024-04-05 17:38:00,31.267433487204954,64,15
2024-04-05 17:40:00,29.330959430388752,79,15
2024-04-05 17:42:00,36.939299257114364,64,15
2024-04-05 17:44:00,26.148832012051074,87,15
2024-04-05 17:46:00,29.72684821834708,79,15
2024-04-05 17:48:00,28.390935933362694,65,15
2024-04-05 17:50:00,24.353477535905157,61,15
2024-04-05 17:52:00,27.354871349426944,71,15
2024-04-05 17:54:00,27.789888313712638,62,15
2024-04-05 17:56:00,27.896271126727086,81,15
2024-04-05 17:58:00,21.623429252559472,74,15
2024-04-05 18:00:00,20.57874401596951,68,15
2024-04-05 18:02:00,18.708800824428472,76,15
2024-04-05 18:04:00,33.11433138390852,90,15
2024-04-05 18:06:00,22.22511004065303,78,15
2024-04-05 18:08:00,27.199826448834074,66,15
2024-04-05 18:10:00,26.8259294628528,68,15
2024-04-05 18:12:00,34.044835134027856,65,15
2024-04-05 18:14:00,25.81281124510203,77,15
2024-04-05 18:16:00,26.35441840525821,67,15
2024-04-05 18:18:00,36.76705940983655,78,15
2024-04-05 18:20:00,22.36771877672152,69,15
2024-04-05 18:22:00,26.99995793963921,85,15
2024-04-05 18:24:00,15.614283300010111,85,15
2024-04-05 18:26:00,32.30562345512999,75,15
2024-04-05 18:28:00,35.09168608617885,81,15
2024-04-05 18:30:00,29.706930676563243,80,15
2024-04-05 18:32:00,21.440621265410194,81,15
2024-04-05 18:34:00,22.55144700128117,67,15
2024-04-05 18:36:00,25.875961118421536,50,15
2024-04-05 18:38:00,33.47817286229157,78,15
2024-04-05 18:40:00,24.66227083665403,66,15
2024-04-05 18:42:00,15.42623851987938,86,15
2024-04-05 18:44:00,32.55334326528052,84,15
2024-04-05 18:46:00,20.58784182288111,77,15
2024-04-05 18:48:00,22.657903745859272,71,15
2024-04-05 18:50:00,25.55239273154545,79,15
2024-04-05 18:52:00,26.653233039640057,63,15
2024-04-05 18:54:00,21.73234296762146,93,15
2024-04-05 18:56:00,23.223591103673535,80,15
2024-04-05 18:58:00,26.316111643411837,72,15
2024-04-05 19:00:00,21.957702187364433,82,15
2024-04-05 19:02:00,27.04370169714968,74,15
2024-04-05 19:04:00,29.415084812719094,83,15
2024-04-05 19:06:00,27.290801690664583,54,15
2024-04-05 19:08:00,19.278047863924254,72,15
2024-04-05 19:10:00,21.042407005156367,68,15
2024-04-05 19:12:00,29.86201298370522,48,15
2024-04-05 19:14:00,33.27842727299566,48,15
2024-04-05 19:16:00,27.093368771759042,72,15
2024-04-05 19:18:00,15.788633928967979,56,15
2024-04-05 19:20:00,37.24960702016275,77,15
2024-04-05 19:22:00,23.98281881192683,72,15
2024-04-05 19:24:00,17.324832353693804,77,15
2024-04-05 19:26:00,21.71145864740818,65,15
2024-04-05 19:28:00,13.956760363939932,71,15
2024-04-05 19:30:00,19.337968430459263,63,15
2024-04-05 19:32:00,16.441823371244116,60,15
2024-04-05 19:34:00,20.271717690670645,54,15
2024-04-05 19:36:00,33.55908014069758,70,15
2024-04-05 19:38:00,28.291550729585893,48,15
2024-04-05 19:40:00,32.02005977327871,82,15
2024-04-05 19:42:00,20.75000446223499,52,15
2024-04-05 19:44:00,15.538451288859427,74,15
2024-04-05 19:46:00,23.918131311773795,69,15
2024-04-05 19:48:00,23.64366461173179,69,15
2024-04-05 19:50:00,25.980401127375337,76,15
2024-04-05 19:52:00,30.05069953787377,48,15
2024-04-05 19:54:00,17.525084087630905,51,15
2024-04-05 19:56:00,20.777233864324863,90,15
2024-04-05 19:58:00,23.965923060841142,72,15
2024-04-05 20:00:00,20.224781431953758,66,15
2024-04-05 20:02:00,18.74118522605881,64,15
2024-04-05 20:04:00,15.589920446683973,72,15
2024-04-05 20:06:00,10.272564159113967,72,14
2024-04-05 20:08:00,20.314189656588518,61,15
2024-04-05 20:10:00,21.092475459103053,60,15
2024-04-05 20:12:00,17.1837094706685,76,15
2024-04-05 20:14:00,17.342007488730005,43,15
2024-04-05 20:16:00,13.007406055453453,70,15
2024-04-05 20:18:00,20.20756856705932,63,15
2024-04-05 20:20:00,28.962558217748878,40,15
2024-04-05 20:22:00,17.36057281236385,53,15
2024-04-05 20:24:00,15.86520667223871,63,15
2024-04-05 20:26:00,22.743085785395913,57,15
2024-04-05 20:28:00,17.341756842607918,59,15
2024-04-05 20:30:00,19.261911241523855,58,15
2024-04-05 20:32:00,24.703908796418546,47,15
2024-04-05 20:34:00,8.202163586981664,61,11
2024-04-05 20:36:00,18.324294680409675,66,15
2024-04-05 20:38:00,14.964445354405974,53,15
2024-04-05 20:40:00,23.040510391157536,47,15
2024-04-05 20:42:00,13.233562791820749,46,15
2024-04-05 20:44:00,14.076344024750941,74,15
2024-04-05 20:46:00,18.041502711039932,78,15
2024-04-05 20:48:00,23.944166138003336,49,15
2024-04-05 20:50:00,16.759922141435794,58,15
2024-04-05 20:52:00,10.371402454504544,52,14
2024-04-05 20:54:00,15.586280262562097,67,15
2024-04-05 20:56:00,14.465641085933706,66,15
2024-04-05 20:58:00,17.786959732687052,58,15
2024-04-05 21:00:00,17.897756278705717,48,15
2024-04-05 21:02:00,11.524865455874831,47,15
2024-04-05 21:04:00,13.207146394036833,78,15
2024-04-05 21:06:00,19.853895468279898,56,15
2024-04-05 21:08:00,4.662555908605272,69,7
2024-04-05 21:10:00,11.84165149062865,37,15
2024-04-05 21:12:00,19.13792195545493,67,15
2024-04-05 21:14:00,11.333041531518633,46,15
2024-04-05 21:16:00,16.131580546883015,52,15
2024-04-05 21:18:00,17.942786936724794,52,15
2024-04-05 21:20:00,19.76939445723336,44,15
2024-04-05 21:22:00,22.86238508037548,47,15
2024-04-05 21:24:00,5.411182089395126,63,8
2024-04-05 21:26:00,14.933766515157169,53,15
2024-04-05 21:28:00,16.55893199793395,44,15
2024-04-05 21:30:00,19.71047749836782,48,15
2024-04-05 21:32:00,14.102895265609611,54,15
2024-04-05 21:34:00,14.798921431595582,58,15
2024-04-05 21:36:00,19.937243017399616,44,15
2024-04-05 21:38:00,15.906687037877093,51,15
2024-04-05 21:40:00,22.12458933591667,39,15
2024-04-05 21:42:00,20.763222469924077,67,15
2024-04-05 21:44:00,14.152974649438708,51,15
2024-04-05 21:46:00,12.93122669318807,73,15
2024-04-05 21:48:00,19.340232271206695,54,15
2024-04-05 21:50:00,10.37073815351443,61,14
2024-04-05 21:52:00,9.955396685975813,44,13
2024-04-05 21:54:00,12.977726595853424,42,15
2024-04-05 21:56:00,19.11095112180164,48,15
2024-04-05 21:58:00,12.31023148078744,57,15
2024-04-05 22:00:00,15.231485899801832,68,15
2024-04-05 22:02:00,7.900054467226204,71,11
2024-04-05 22:04:00,15.465428868250928,53,15
2024-04-05 22:06:00,18.78788504624368,51,15
2024-04-05 22:08:00,11.93334760652541,42,15
2024-04-05 22:10:00,13.062435294188429,32,15
2024-04-05 22:12:00,14.358651880182022,61,15
2024-04-05 22:14:00,19.736200533296877,49,15
2024-04-05 22:16:00,13.960740640106014,44,15
2024-04-05 22:18:00,19.921026380134133,64,15
2024-04-05 22:20:00,14.106887896323457,56,15
2024-04-05 22:22:00,7.873540417901921,49,11
2024-04-05 22:24:00,14.534397833648459,44,15
2024-04-05 22:26:00,17.194132941427597,63,15
2024-04-05 22:28:00,16.98767288581709,41,15
2024-04-05 22:30:00,12.257047049630742,34,15
2024-04-05 22:32:00,13.739933884518727,50,15
2024-04-05 22:34:00,17.762393166096885,40,15
2024-04-05 22:36:00,11.256129284268575,49,15
2024-04-05 22:38:00,17.49109315628366,55,15
2024-04-05 22:40:00,16.069300277554248,34,15
2024-04-05 22:42:00,13.842153985357074,22,15
2024-04-05 22:44:00,24.90543847203722,48,15
2024-04-05 22:46:00,19.304045359414552,55,15
2024-04-05 22:48:00,11.687542993198575,50,15
2024-04-05 22:50:00,12.617504015980034,50,15
2024-04-05 22:52:00,20.188437354839014,65,15
2024-04-05 22:54:00,15.082158840251786,58,15
2024-04-05 22:56:00,15.82940979686017,57,15
2024-04-05 22:58:00,23.248506664378187,34,15
2024-04-05 23:00:00,18.935681859385458,54,15
2024-04-05 23:02:00,14.678800332534939,59,15
2024-04-05 23:04:00,12.01438605232969,59,15
2024-04-05 23:06:00,11.67540445710752,54,15
2024-04-05 23:08:00,17.450501416911717,60,15
2024-04-05 23:10:00,13.893119963804189,40,15
2024-04-05 23:12:00,13.147186776747372,34,15
2024-04-05 23:14:00,13.959687176057963,49,15
2024-04-05 23:16:00,26.94376597336176,51,15
2024-04-05 23:18:00,11.510879917019619,55,15
2024-04-05 23:20:00,11.576021748706806,47,15
2024-04-05 23:22:00,15.66725836733654,46,15
2024-04-05 23:24:00,9.156153306128948,38,12
2024-04-05 23:26:00,14.361584206623164,65,15
2024-04-05 23:28:00,13.508076148416176,56,15
2024-04-05 23:30:00,14.85425289558053,48,15
2024-04-05 23:32:00,9.214473065857192,38,12
2024-04-05 23:34:00,9.271019157516243,50,13
2024-04-05 23:36:00,23.45175712860619,35,15
2024-04-05 23:38:00,11.955172678465855,52,15
2024-04-05 23:40:00,19.621068112484302,30,15
2024-04-05 23:42:00,6.5361986816267965,46,9
2024-04-05 23:44:00,13.194823228307973,39,15
2024-04-05 23:46:00,5.083763727162674,46,7
2024-04-05 23:48:00,3.2398671174217064,52,5
2024-04-05 23:50:00,15.546488158847517,53,15
2024-04-05 23:52:00,10.449233377700175,33,14
2024-04-05 23:54:00,10.76141369316562,44,14
2024-04-05 23:56:00,12.653214029264772,50,15
2024-04-05 23:58:00,14.485384573036205,45,15
2024-04-06 00:00:00,2.8025450467517867,17,4
2024-04-06 00:02:00,14.370968168639536,29,15
2024-04-06 00:04:00,11.605538786607008,30,15
2024-04-06 00:06:00,6.359527368556622,42,9
2024-04-06 00:08:00,16.283192278889302,26,15
2024-04-06 00:10:00,10.015083966764612,13,13
2024-04-06 00:12:00,5.05321790175449,25,7
2024-04-06 00:14:00,0.4367994515246565,26,1
2024-04-06 00:16:00,4.201516677038247,15,6
2024-04-06 00:18:00,13.578182182215112,26,15
2024-04-06 00:20:00,3.957939546915898,39,6
2024-04-06 00:22:00,4.6548910232416745,19,6
2024-04-06 00:24:00,12.923651802228518,24,15
2024-04-06 00:26:00,15.289605440348613,31,15
2024-04-06 00:28:00,0.8474967601029197,36,2
2024-04-06 00:30:00,15.132997491723582,31,15
2024-04-06 00:32:00,9.415043352769516,42,13
2024-04-06 00:34:00,16.42980488553445,30,15
2024-04-06 00:36:00,9.84895177916046,12,13
2024-04-06 00:38:00,9.001401284419659,44,12
2024-04-06 00:40:00,5.6822636499161625,24,8
2024-04-06 00:42:00,6.242320306231573,10,8
2024-04-06 00:44:00,9.301382378038744,39,12
2024-04-06 00:46:00,12.088413898948996,17,15
2024-04-06 00:48:00,9.646454650015547,34,13
2024-04-06 00:50:00,1.8659889602608075,22,3
2024-04-06 00:52:00,4.367690220859769,29,6
2024-04-06 00:54:00,7.000020280712449,29,9
2024-04-06 00:56:00,11.863534625730269,38,15
2024-04-06 00:58:00,21.18112224788912,31,15
2024-04-06 01:00:00,6.9253582561531495,29,9
2024-04-06 01:02:00,7.905907541475115,24,10
2024-04-06 01:04:00,11.076964743990178,49,15
2024-04-06 01:06:00,17.84328654262348,46,15
2024-04-06 01:08:00,11.887438633446811,21,15
2024-04-06 01:10:00,11.096044661009133,39,15
2024-04-06 01:12:00,10.526646562994957,31,14
2024-04-06 01:14:00,6.115044600046014,30,8
2024-04-06 01:16:00,10.892693464333188,14,14
2024-04-06 01:18:00,3.5618665173172905,29,5
2024-04-06 01:20:00,5.980914555874392,32,8
2024-04-06 01:22:00,9.981855767700678,21,13
2024-04-06 01:24:00,11.772911898400977,18,15
2024-04-06 01:26:00,5.7423944491257295,35,8
2024-04-06 01:28:00,8.160772297524876,17,11
2024-04-06 01:30:00,11.486103909726529,43,15
2024-04-06 01:32:00,12.082672871187299,31,15
2024-04-06 01:34:00,7.5475824913395355,35,10
2024-04-06 01:36:00,4.173544736660173,35,6
2024-04-06 01:38:00,16.30694691444958,38,15
2024-04-06 01:40:00,14.722096529643085,36,15
2024-04-06 01:42:00,14.94649946883279,37,15
2024-04-06 01:44:00,15.798090266645337,48,15
2024-04-06 01:46:00,13.2289303326487,30,15
2024-04-06 01:48:00,0.8860621067570822,28,2
2024-04-06 01:50:00,5.545333627163116,31,8
2024-04-06 01:52:00,6.460417622643954,10,8
2024-04-06 01:54:00,3.627797603860068,23,5
2024-04-06 01:56:00,9.548492679522063,30,13
2024-04-06 01:58:00,7.717003731283194,38,10
2024-04-06 02:00:00,6.631253934307796,24,9
2024-04-06 02:02:00,6.597545544395692,28,9
2024-04-06 02:04:00,17.240018968139186,38,15
2024-04-06 02:06:00,2.940391037813579,30,4
2024-04-06 02:08:00,1.5127331961987345,56,3
2024-04-06 02:10:00,9.860108436112242,33,13
2024-04-06 02:12:00,15.294688294127477,21,15
2024-04-06 02:14:00,10.0839614504054,27,13
2024-04-06 02:16:00,3.469483564167799,33,5
2024-04-06 02:18:00,15.810402933296546,35,15
2024-04-06 02:20:00,7.080327644661543,33,10
2024-04-06 02:22:00,12.99285218371731,28,15
2024-04-06 02:24:00,8.58793210113124,24,11
2024-04-06 02:26:00,9.815640044462642,26,13
2024-04-06 02:28:00,14.796091452381447,29,15
2024-04-06 02:30:00,12.311894846330091,18,15
2024-04-06 02:32:00,18.13457034753432,44,15
2024-04-06 02:34:00,7.870080132433292,33,10
2024-04-06 02:36:00,13.48785349357819,46,15
2024-04-06 02:38:00,10.281906748318995,33,14
2024-04-06 02:40:00,13.16174545140988,33,15
2024-04-06 02:42:00,12.871749368508555,42,15
2024-04-06 02:44:00,17.518820252609796,52,15
2024-04-06 02:46:00,12.280679509559523,22,15
2024-04-06 02:48:00,11.972076023130075,40,15
2024-04-06 02:50:00,11.127927642229578,41,15
2024-04-06 02:52:00,13.41894390559277,29,15
2024-04-06 02:54:00,8.590355796513538,39,12
2024-04-06 02:56:00,12.290525293091457,49,15
2024-04-06 02:58:00,14.826594663030377,26,15
2024-04-06 03:00:00,10.25067861097494,40,14
2024-04-06 03:02:00,9.293490823269838,25,12
2024-04-06 03:04:00,13.060736471207232,29,15
2024-04-06 03:06:00,12.346676189900666,20,15
2024-04-06 03:08:00,13.000338185987749,30,15
2024-04-06 03:10:00,11.45457768070098,39,15
2024-04-06 03:12:00,15.11410702498068,32,15
2024-04-06 03:14:00,11.185037094522523,34,15
2024-04-06 03:16:00,13.83116338065708,50,15
2024-04-06 03:18:00,10.497952163957898,43,14
2024-04-06 03:20:00,19.01352450863451,38,15
2024-04-06 03:22:00,8.891703381936152,51,12
2024-04-06 03:24:00,18.104785589938736,35,15
2024-04-06 03:26:00,20.479561955630185,41,15
2024-04-06 03:28:00,9.209756818294544,29,12
2024-04-06 03:30:00,15.25600535191883,55,15
2024-04-06 03:32:00,18.463729645965927,27,15
2024-04-06 03:34:00,15.213079114177221,31,15
2024-04-06 03:36:00,16.446673067388776,32,15
2024-04-06 03:38:00,16.2880285508329,26,15
2024-04-06 03:40:00,9.93043164420649,45,13
2024-04-06 03:42:00,11.313157370489993,59,15
2024-04-06 03:44:00,14.827476072998355,34,15
2024-04-06 03:46:00,17.53191545531112,38,15
2024-04-06 03:48:00,7.873379884595651,24,10
2024-04-06 03:50:00,14.662201135151522,34,15
2024-04-06 03:52:00,5.781182168040424,45,8
2024-04-06 03:54:00,23.270855392514868,38,15
2024-04-06 03:56:00,11.321040083502735,52,15
2024-04-06 03:58:00,24.948535739454968,28,15
2024-04-06 04:00:00,11.891373362810537,53,15
2024-04-06 04:02:00,13.13146949619474,52,15
2024-04-06 04:04:00,21.0900105493702,28,15
2024-04-06 04:06:00,14.798210887526425,50,15
2024-04-06 04:08:00,13.22591781449212,52,15
2024-04-06 04:10:00,13.928586760901153,55,15
2024-04-06 04:12:00,16.903891230152457,31,15
2024-04-06 04:14:00,6.667208338370319,39,9
2024-04-06 04:16:00,9.011255779761797,23,12
2024-04-06 04:18:00,15.497455492666015,42,15
2024-04-06 04:20:00,22.134534231222347,46,15
2024-04-06 04:22:00,23.872832929354296,39,15
2024-04-06 04:24:00,14.806095585584327,41,15
2024-04-06 04:26:00,14.358684216877617,32,15
2024-04-06 04:28:00,16.972779277110906,51,15
2024-04-06 04:30:00,18.89009596014185,47,15
2024-04-06 04:32:00,22.036331258613625,53,15
2024-04-06 04:34:00,18.275587718079112,40,15
2024-04-06 04:36:00,20.42016635290685,59,15
2024-04-06 04:38:00,20.146836596132616,50,15
2024-04-06 04:40:00,17.293722365754316,45,15
2024-04-06 04:42:00,15.089674286397935,63,15
2024-04-06 04:44:00,22.476328328211153,33,15
2024-04-06 04:46:00,18.339102540604483,37,15
2024-04-06 04:48:00,17.34123077707096,50,15
2024-04-06 04:50:00,17.048240557543288,27,15
2024-04-06 04:52:00,25.586417185569754,40,15
2024-04-06 04:54:00,17.061857342907697,48,15
2024-04-06 04:56:00,13.05491546009578,57,15
2024-04-06 04:58:00,20.418356728398578,44,15
2024-04-06 05:00:00,17.683086257541408,42,15
2024-04-06 05:02:00,23.67701400104689,56,15
2024-04-06 05:04:00,24.602922580413928,43,15
2024-04-06 05:06:00,16.016203253853092,49,15
2024-04-06 05:08:00,7.574518782926777,40,10
2024-04-06 05:10:00,14.869829146308652,57,15
2024-04-06 05:12:00,24.11869901460556,60,15
2024-04-06 05:14:00,15.587864545624395,41,15
2024-04-06 05:16:00,24.80928751286338,51,15
2024-04-06 05:18:00,21.37928197011579,40,15
2024-04-06 05:20:00,16.61937000587168,52,15
2024-04-06 05:22:00,15.997268467337639,63,15
2024-04-06 05:24:00,29.73898194291809,53,15
2024-04-06 05:26:00,22.750582895043014,49,15
2024-04-06 05:28:00,24.18747402663041,61,15
2024-04-06 05:30:00,25.132424304793137,45,15
2024-04-06 05:32:00,24.046459768147894,65,15
2024-04-06 05:34:00,23.845178068818512,55,15
2024-04-06 05:36:00,24.523494961201475,55,15
2024-04-06 05:38:00,29.128474183168525,37,15
2024-04-06 05:40:00,19.425813817975577,39,15
2024-04-06 05:42:00,30.09125639748978,46,15
2024-04-06 05:44:00,24.033856720930892,55,15
2024-04-06 05:46:00,29.905057954934072,57,15
2024-04-06 05:48:00,30.53310665922001,50,15
2024-04-06 05:50:00,17.738684172898424,52,15
2024-04-06 05:52:00,22.84849775905224,43,15
2024-04-06 05:54:00,22.71564152713805,50,15
2024-04-06 05:56:00,18.61476708973261,51,15
2024-04-06 05:58:00,23.399140611013237,60,15
2024-04-06 06:00:00,21.718830077530853,72,15
2024-04-06 06:02:00,20.538928533259565,64,15
2024-04-06 06:04:00,21.505067623560333,81,15
2024-04-06 06:06:00,24.494382929928673,70,15
2024-04-06 06:08:00,32.657863486416524,56,15
2024-04-06 06:10:00,20.051910778293397,66,15
2024-04-06 06:12:00,22.651895294180076,55,15
2024-04-06 06:14:00,22.28284358218985,55,15
2024-04-06 06:16:00,23.4837657460186,63,15
2024-04-06 06:18:00,29.119168420312896,60,15
2024-04-06 06:20:00,27.07709976560206,52,15
2024-04-06 06:22:00,23.313810204865902,51,15
2024-04-06 06:24:00,22.63943294459535,54,15
2024-04-06 06:26:00,36.97608248100257,73,15
2024-04-06 06:28:00,22.808440383531945,77,15
2024-04-06 06:30:00,27.16348289747603,60,15
2024-04-06 06:32:00,28.491779068179603,44,15
2024-04-06 06:34:00,23.52611145263835,77,15
2024-04-06 06:36:00,22.67702253945612,72,15
2024-04-06 06:38:00,22.987498266886785,46,15
2024-04-06 06:40:00,25.265150384528578,72,15
2024-04-06 06:42:00,23.413937452861063,67,15
2024-04-06 06:44:00,22.740841071823972,67,15
2024-04-06 06:46:00,23.721742935596964,67,15
2024-04-06 06:48:00,29.146995305962207,60,15
2024-04-06 06:50:00,23.46787776029534,56,15
2024-04-06 06:52:00,31.479749721637262,52,15
2024-04-06 06:54:00,32.40659254451829,64,15
2024-04-06 06:56:00,18.856061869636427,67,15
2024-04-06 06:58:00,24.93121456666214,45,15
2024-04-06 07:00:00,26.669272306647063,65,15
2024-04-06 07:02:00,27.092702106495565,62,15
2024-04-06 07:04:00,34.11913091685323,61,15
2024-04-06 07:06:00,19.021192585863012,72,15
2024-04-06 07:08:00,15.319757499882613,58,15
2024-04-06 07:10:00,26.127761656562516,69,15
2024-04-06 07:12:00,33.38198006063049,65,15
2024-04-06 07:14:00,29.17541639002296,55,15
2024-04-06 07:16:00,30.03662641791121,71,15
2024-04-06 07:18:00,21.62485468496477,71,15
2024-04-06 07:20:00,36.48510490943126,78,15
2024-04-06 07:22:00,28.867222786847478,71,15
2024-04-06 07:24:00,21.30884581577883,61,15
2024-04-06 07:26:00,23.040123518101943,74,15
2024-04-06 07:28:00,26.821133054311765,74,15
2024-04-06 07:30:00,32.233578555045,54,15
2024-04-06 07:32:00,44.542983180100975,60,15
2024-04-06 07:34:00,34.30879180549409,59,15
2024-04-06 07:36:00,29.592935182959362,40,15
2024-04-06 07:38:00,31.24786942266743,62,15
2024-04-06 07:40:00,32.4329266650269,65,15
2024-04-06 07:42:00,20.807757098430912,68,15
2024-04-06 07:44:00,22.796940683978654,66,15
2024-04-06 07:46:00,31.43927202941006,54,15
2024-04-06 07:48:00,27.1676406638671,75,15
2024-04-06 07:50:00,32.07793781939972,68,15
2024-04-06 07:52:00,41.631971369994396,69,15
2024-04-06 07:54:00,32.26400629986598,93,15
2024-04-06 07:56:00,27.763303307385204,71,15
2024-04-06 07:58:00,26.028879753252397,90,15
2024-04-06 08:00:00,21.768894635859883,75,15
2024-04-06 08:02:00,29.167674340301186,64,15
2024-04-06 08:04:00,30.69966044994805,87,15
2024-04-06 08:06:00,30.980177660345678,68,15
2024-04-06 08:08:00,26.850251447101808,67,15
2024-04-06 08:10:00,33.42866256667992,91,15
2024-04-06 08:12:00,31.77458043024728,85,15
2024-04-06 08:14:00,28.662957867716234,73,15
2024-04-06 08:16:00,37.10033466664945,81,15
2024-04-06 08:18:00,34.02872271489095,77,15
2024-04-06 08:20:00,41.975241374309306,75,15
2024-04-06 08:22:00,28.328264128078224,72,15
2024-04-06 08:24:00,39.85770486847619,87,15
2024-04-06 08:26:00,29.00585562081123,84,15
2024-04-06 08:28:00,34.49162082475578,93,15
2024-04-06 08:30:00,28.875464187035405,77,15
2024-04-06 08:32:00,32.959727495701664,78,15
2024-04-06 08:34:00,34.2522610159056,72,15
2024-04-06 08:36:00,35.176802540065054,79,15
2024-04-06 08:38:00,35.65106524661077,84,15
2024-04-06 08:40:00,35.07226611523328,77,15
2024-04-06 08:42:00,43.785891053674455,72,15
2024-04-06 08:44:00,40.87493661477318,68,15
2024-04-06 08:46:00,36.809916470022216,86,15
2024-04-06 08:48:00,36.43639316880331,55,15
2024-04-06 08:50:00,26.68402765928382,93,15
2024-04-06 08:52:00,38.850866726039726,86,15
2024-04-06 08:54:00,36.63493870911168,75,15
2024-04-06 08:56:00,33.587938327782126,61,15
2024-04-06 08:58:00,30.57296329578897,95,15
2024-04-06 09:00:00,42.667425468570784,72,15
2024-04-06 09:02:00,29.999543549102995,68,15
2024-04-06 09:04:00,36.10274118141579,72,15
2024-04-06 09:06:00,37.22031738012454,66,15
2024-04-06 09:08:00,31.147513469793022,85,15
2024-04-06 09:10:00,36.69568905354318,79,15
2024-04-06 09:12:00,36.40048911536682,76,15
2024-04-06 09:14:00,37.29563348559183,71,15
2024-04-06 09:16:00,30.736225847008043,76,15
2024-04-06 09:18:00,29.967746527981888,67,15
2024-04-06 09:20:00,40.954709905536774,83,15
2024-04-06 09:22:00,25.91760620205429,76,15
2024-04-06 09:24:00,41.084602628888405,78,15
2024-04-06 09:26:00,41.28877446116989,81,15
2024-04-06 09:28:00,39.300652839638204,76,15
2024-04-06 09:30:00,47.00959364281183,75,15
2024-04-06 09:32:00,43.14296700130893,76,15
2024-04-06 09:34:00,38.62293503459297,83,15
2024-04-06 09:36:00,39.16391782302401,84,15
2024-04-06 09:38:00,32.64055287068071,87,15
2024-04-06 09:40:00,45.35625928778357,80,15
2024-04-06 09:42:00,34.5152414931724,78,15
2024-04-06 09:44:00,30.323115787688074,84,15
2024-04-06 09:46:00,34.83972646476365,89,15
2024-04-06 09:48:00,30.08165224516478,75,15
2024-04-06 09:50:00,37.05624154320644,65,15
2024-04-06 09:52:00,27.780109958470845,105,15
2024-04-06 09:54:00,35.958719383724464,91,15
2024-04-06 09:56:00,39.59205555653085,70,15
2024-04-06 09:58:00,43.22926254579675,91,15
2024-04-06 10:00:00,39.14685734193641,93,15
2024-04-06 10:02:00,40.01338575179873,89,15
2024-04-06 10:04:00,32.670777239938786,70,15
2024-04-06 10:06:00,37.26528471690258,94,15
2024-04-06 10:08:00,36.77481931353788,85,15
2024-04-06 10:10:00,38.67656619967436,72,15
2024-04-06 10:12:00,48.770717532445346,94,15
2024-04-06 10:14:00,36.08706701693351,89,15
2024-04-06 10:16:00,35.36064771397367,87,15
2024-04-06 10:18:00,41.61405243292878,90,15
2024-04-06 10:20:00,43.572249986128774,81,15
2024-04-06 10:22:00,38.930180043402466,84,15
2024-04-06 10:24:00,34.36086703580823,80,15
2024-04-06 10:26:00,36.919032076251696,101,15
2024-04-06 10:28:00,47.601728582803545,82,15
2024-04-06 10:30:00,42.48408595950801,91,15
2024-04-06 10:32:00,38.86969476363352,92,15
2024-04-06 10:34:00,36.58950321006599,93,15
2024-04-06 10:36:00,40.653510355738014,98,15
2024-04-06 10:38:00,39.32130935189618,77,15
2024-04-06 10:40:00,30.988265511121362,69,15
2024-04-06 10:42:00,37.919230396854786,89,15
2024-04-06 10:44:00,40.06010418863673,101,15
2024-04-06 10:46:00,38.80413698561121,89,15
2024-04-06 10:48:00,36.38060660406836,71,15
2024-04-06 10:50:00,35.824415866756794,96,15
2024-04-06 10:52:00,34.242271822485165,75,15
2024-04-06 10:54:00,29.88170946377395,105,15
2024-04-06 10:56:00,34.85521216549244,81,15
2024-04-06 10:58:00,35.85785089606117,85,15
2024-04-06 11:00:00,39.96853156773477,93,15
2024-04-06 11:02:00,36.164195406383,81,15
2024-04-06 11:04:00,40.604788817056985,91,15
2024-04-06 11:06:00,42.51788781197682,92,15
2024-04-06 11:08:00,43.193076775335314,100,15
2024-04-06 11:10:00,43.16384962627978,109,15
2024-04-06 11:12:00,38.94168924795338,77,15
2024-04-06 11:14:00,38.75111901373397,102,15
2024-04-06 11:16:00,44.199291790188184,109,15
2024-04-06 11:18:00,39.96873596257712,69,15
2024-04-06 11:20:00,40.09574356181931,67,15
2024-04-06 11:22:00,37.231705632578596,85,15
2024-04-06 11:24:00,45.35015933732248,82,15
2024-04-06 11:26:00,33.90043245622343,90,15
2024-04-06 11:28:00,44.347699738528924,78,15
2024-04-06 11:30:00,22.89348153053394,70,15
2024-04-06 11:32:00,42.817695543770725,94,15
2024-04-06 11:34:00,32.573532984114756,90,15
2024-04-06 11:36:00,32.093067356810266,88,15
2024-04-06 11:38:00,37.131549791993876,86,15
2024-04-06 11:40:00,33.5286433220383,68,15
2024-04-06 11:42:00,44.90589401353892,83,15
2024-04-06 11:44:00,32.90712176589796,100,15
2024-04-06 11:46:00,32.36753989782689,89,15
2024-04-06 11:48:00,36.8408287672743,108,15
2024-04-06 11:50:00,41.53877355920581,96,15
2024-04-06 11:52:00,37.3543502415934,91,15
2024-04-06 11:54:00,32.6678747106906,105,15
2024-04-06 11:56:00,35.76390168736983,88,15
2024-04-06 11:58:00,42.323757228390626,94,15
2024-04-06 12:00:00,31.55556608391564,75,15
2024-04-06 12:02:00,35.02580597745329,98,15
2024-04-06 12:04:00,37.475735381332086,72,15
2024-04-06 12:06:00,37.950809377925445,94,15
2024-04-06 12:08:00,26.79495624481467,74,15
2024-04-06 12:10:00,37.8631488279929,76,15
2024-04-06 12:12:00,45.57051969063867,94,15
2024-04-06 12:14:00,39.04478354799842,82,15
2024-04-06 12:16:00,42.917928330536576,82,15
2024-04-06 12:18:00,39.82994483025087,100,15
2024-04-06 12:20:00,43.77721946178759,86,15
2024-04-06 12:22:00,26.640553547372775,82,15
2024-04-06 12:24:00,36.133037280084324,86,15
2024-04-06 12:26:00,36.18373688390199,102,15
2024-04-06 12:28:00,36.1043355370444,93,15
2024-04-06 12:30:00,36.98332377756923,79,15
2024-04-06 12:32:00,45.77784820902074,104,15
2024-04-06 12:34:00,33.621462562655054,128,15
2024-04-06 12:36:00,40.16932629830657,115,15
2024-04-06 12:38:00,37.27171794678487,85,15
2024-04-06 12:40:00,41.347955651673686,84,15
2024-04-06 12:42:00,34.736877520936304,89,15
2024-04-06 12:44:00,38.6138806018975,78,15
2024-04-06 12:46:00,37.83919753504824,84,15
2024-04-06 12:48:00,44.77385780412802,84,15
2024-04-06 12:50:00,40.65054130831471,80,15
2024-04-06 12:52:00,41.10424506773329,102,15
2024-04-06 12:54:00,35.74156069436427,86,15
2024-04-06 12:56:00,38.771695162226905,93,15
2024-04-06 12:58:00,35.706901311214125,66,15
2024-04-06 13:00:00,37.28019251627935,93,15
2024-04-06 13:02:00,39.76888354040128,95,15
2024-04-06 13:04:00,32.74682058347837,78,15
2024-04-06 13:06:00,41.5161966713626,81,15
2024-04-06 13:08:00,32.66034440660885,99,15
2024-04-06 13:10:00,43.68172688397753,92,15
2024-04-06 13:12:00,41.60970711273818,72,15
2024-04-06 13:14:00,39.59085483257327,88,15
2024-04-06 13:16:00,38.87741205417012,103,15
2024-04-06 13:18:00,22.714964876757463,79,15
2024-04-06 13:20:00,37.51792558089028,85,15
2024-04-06 13:22:00,36.37375163496101,73,15
2024-04-06 13:24:00,37.25886041252673,85,15
2024-04-06 13:26:00,31.864894149390853,78,15
2024-04-06 13:28:00,36.728864390922766,76,15
2024-04-06 13:30:00,36.8542073394743,69,15
2024-04-06 13:32:00,30.433320838175984,72,15
2024-04-06 13:34:00,38.3457951025987,104,15
2024-04-06 13:36:00,46.05791041712877,98,15
2024-04-06 13:38:00,32.775054035053714,85,15
2024-04-06 13:40:00,48.37397472069695,81,15
2024-04-06 13:42:00,25.102794588490283,93,15
2024-04-06 13:44:00,41.776874826595844,93,15
2024-04-06 13:46:00,35.58168889620329,86,15
2024-04-06 13:48:00,27.900605394556923,67,15
2024-04-06 13:50:00,32.81905258292284,72,15
2024-04-06 13:52:00,46.21582763590471,100,15
2024-04-06 13:54:00,36.83283528985638,91,15
2024-04-06 13:56:00,40.07986807680294,87,15
2024-04-06 13:58:00,37.16623606221857,83,15
2024-04-06 14:00:00,43.514924783022906,96,15
2024-04-06 14:02:00,35.17478624088178,89,15
2024-04-06 14:04:00,39.83857456548965,100,15
2024-04-06 14:06:00,36.95475790267831,83,15
2024-04-06 14:08:00,27.50637226137651,79,15
2024-04-06 14:10:00,37.23890945176739,68,15
2024-04-06 14:12:00,31.271352132413718,82,15
2024-04-06 14:14:00,40.75470727324654,83,15
2024-04-06 14:16:00,40.676980484926716,78,15
2024-04-06 14:18:00,24.52639062269523,81,15
2024-04-06 14:20:00,37.802983896968335,87,15
2024-04-06 14:22:00,41.375184313727715,98,15
2024-04-06 14:24:00,43.783450523232574,79,15
2024-04-06 14:26:00,34.08988734756432,87,15
2024-04-06 14:28:00,39.81304945761388,96,15
2024-04-06 14:30:00,40.1338717131009,106,15
2024-04-06 14:32:00,30.17572152373907,84,15
2024-04-06 14:34:00,29.745473192073568,71,15
2024-04-06 14:36:00,31.572679748027184,91,15
2024-04-06 14:38:00,31.9905652321929,77,15
2024-04-06 14:40:00,41.210132654712744,84,15
2024-04-06 14:42:00,33.12998109322412,76,15
2024-04-06 14:44:00,38.04423208116849,65,15
2024-04-06 14:46:00,27.717538098771538,82,15
2024-04-06 14:48:00,41.54344021623766,83,15
2024-04-06 14:50:00,35.16694710569904,81,15
2024-04-06 14:52:00,36.26484139063993,79,15
2024-04-06 14:54:00,41.41914246514377,98,15
2024-04-06 14:56:00,40.24745394563323,65,15
2024-04-06 14:58:00,25.5559346540223,77,15
2024-04-06 15:00:00,32.76000424128841,89,15
2024-04-06 15:02:00,29.384895921788164,66,15
2024-04-06 15:04:00,33.26536220094654,92,15
2024-04-06 15:06:00,38.2639780939502,84,15
2024-04-06 15:08:00,33.62755231012382,92,15
2024-04-06 15:10:00,37.29817988894907,72,15
2024-04-06 15:12:00,25.559810228403222,84,15
2024-04-06 15:14:00,36.35875498067512,75,15
2024-04-06 15:16:00,35.685727469497266,79,15
2024-04-06 15:18:00,28.190154962148775,93,15
2024-04-06 15:20:00,33.456271991831365,71,15
2024-04-06 15:22:00,33.569759996483235,84,15
2024-04-06 15:24:00,34.60075016738665,80,15
2024-04-06 15:26:00,35.436032381428234,81,15
2024-04-06 15:28:00,24.400474325821197,84,15
2024-04-06 15:30:00,28.81147606842507,78,15
2024-04-06 15:32:00,33.95544632703955,80,15
2024-04-06 15:34:00,25.14195291906787,71,15
2024-04-06 15:36:00,35.19077500876297,89,15
2024-04-06 15:38:00,30.397406279571864,78,15
2024-04-06 15:40:00,28.475082391728314,93,15
2024-04-06 15:42:00,32.96568089679617,81,15
2024-04-06 15:44:00,35.783438899769926,69,15
2024-04-06 15:46:00,30.99478097209396,79,15
2024-04-06 15:48:00,25.59237305229057,77,15
2024-04-06 15:50:00,23.86891365823077,52,15
2024-04-06 15:52:00,31.78441448847468,63,15
2024-04-06 15:54:00,34.482481937351075,84,15
2024-04-06 15:56:00,35.06694271114284,90,15
2024-04-06 15:58:00,38.233649321232875,64,15
2024-04-06 16:00:00,26.52710835619395,74,15
2024-04-06 16:02:00,30.955826963209784,83,15
2024-04-06 16:04:00,28.871626529259398,71,15
2024-04-06 16:06:00,25.063255893526456,84,15
2024-04-06 16:08:00,23.952533725955746,71,15
2024-04-06 16:10:00,29.45542581030731,68,15
2024-04-06 16:12:00,36.24188876887111,74,15
2024-04-06 16:14:00,35.112581836807635,74,15
2024-04-06 16:16:00,26.773384082071264,88,15
2024-04-06 16:18:00,21.668584932856135,85,15
2024-04-06 16:20:00,23.365040260312682,79,15
2024-04-06 16:22:00,31.214701831449045,70,15
2024-04-06 16:24:00,24.71866839518629,71,15
2024-04-06 16:26:00,25.974738479167165,72,15
2024-04-06 16:28:00,25.95358241843402,57,15
2024-04-06 16:30:00,41.508874952221625,70,15
2024-04-06 16:32:00,24.10814250496584,62,15
2024-04-06 16:34:00,31.547353252922345,71,15
2024-04-06 16:36:00,36.70624740789941,55,15
2024-04-06 16:38:00,23.550567069062424,65,15
2024-04-06 16:40:00,26.882509987449442,66,15
2024-04-06 16:42:00,37.98678744215414,78,15
2024-04-06 16:44:00,27.028354243017443,67,15
2024-04-06 16:46:00,27.19961243943838,70,15
2024-04-06 16:48:00,27.273512144849384,50,15
2024-04-06 16:50:00,27.073095171374383,50,15
2024-04-06 16:52:00,40.83428028375765,51,15
2024-04-06 16:54:00,26.81404627594817,53,15
2024-04-06 16:56:00,31.748272149527065,64,15
2024-04-06 16:58:00,30.7510021696987,62,15
2024-04-06 17:00:00,32.54679199600812,84,15
2024-04-06 17:02:00,28.142345074755895,70,15
2024-04-06 17:04:00,26.662520775945293,72,15
2024-04-06 17:06:00,25.755082681370773,72,15
2024-04-06 17:08:00,30.57184930165321,54,15
2024-04-06 17:10:00,37.19844426860642,64,15
2024-04-06 17:12:00,20.100076103392368,64,15
2024-04-06 17:14:00,22.999320073912077,76,15
2024-04-06 17:16:00,23.70228978942798,54,15
2024-04-06 17:18:00,33.39403057671931,84,15
2024-04-06 17:20:00,26.475724073020366,82,15
2024-04-06 17:22:00,24.493185994513535,70,15
2024-04-06 17:24:00,26.986811270895497,49,15
2024-04-06 17:26:00,27.45041011007882,59,15
2024-04-06 17:28:00,21.222069850892616,61,15
2024-04-06 17:30:00,29.299118172454264,71,15
2024-04-06 17:32:00,25.417303902942432,80,15
2024-04-06 17:34:00,28.970918090761383,57,15
2024-04-06 17:36:00,19.927397110203575,56,15
2024-04-06 17:38:00,25.49003926080334,66,15
2024-04-06 17:40:00,23.497201879287672,66,15
2024-04-06 17:42:00,31.129875512130326,53,15
2024-04-06 17:44:00,25.308776028470756,56,15
2024-04-06 17:46:00,25.739466919241462,56,15
2024-04-06 17:48:00,22.989814419760357,44,15
2024-04-06 17:50:00,20.131554182757952,64,15
2024-04-06 17:52:00,15.92252891853072,58,15
2024-04-06 17:54:00,27.95233243038095,44,15
2024-04-06 17:56:00,26.41487522977697,78,15
2024-04-06 17:58:00,15.191947585748341,54,15
2024-04-06 18:00:00,28.285177893423338,54,15
2024-04-06 18:02:00,25.238117696518227,48,15
2024-04-06 18:04:00,17.70557817638865,38,15
2024-04-06 18:06:00,19.80322230746782,44,15
2024-04-06 18:08:00,23.97913374239921,41,15
2024-04-06 18:10:00,26.48918023129698,55,15
2024-04-06 18:12:00,26.626368027722776,49,15
2024-04-06 18:14:00,27.973176877780993,59,15
2024-04-06 18:16:00,26.66541170951455,59,15
2024-04-06 18:18:00,17.385658423447897,59,15
2024-04-06 18:20:00,10.20679080208445,62,14
2024-04-06 18:22:00,22.85336557353333,59,15
2024-04-06 18:24:00,28.30212938590521,47,15
2024-04-06 18:26:00,19.865871221622683,58,15
2024-04-06 18:28:00,25.928001849544987,38,15
2024-04-06 18:30:00,25.90383739862351,66,15
2024-04-06 18:32:00,24.03635418015408,54,15
2024-04-06 18:34:00,18.628420882343544,65,15
2024-04-06 18:36:00,22.837996196200987,40,15
2024-04-06 18:38:00,23.417009608983197,44,15
2024-04-06 18:40:00,24.626323049358945,49,15
2024-04-06 18:42:00,18.424816414379862,55,15
2024-04-06 18:44:00,27.49213838230828,58,15
2024-04-06 18:46:00,17.717411088924898,59,15
2024-04-06 18:48:00,17.049900731753763,55,15
2024-04-06 18:50:00,19.7593140634503,53,15
2024-04-06 18:52:00,27.638119260583135,57,15
2024-04-06 18:54:00,22.047457133957806,45,15
2024-04-06 18:56:00,16.665421771608187,58,15
2024-04-06 18:58:00,21.603508026217728,60,15
2024-04-06 19:00:00,18.229529978619567,45,15
2024-04-06 19:02:00,26.956162428387792,65,15
2024-04-06 19:04:00,20.860403769028313,44,15
2024-04-06 19:06:00,22.09736490259703,57,15
2024-04-06 19:08:00,17.93847188315017,37,15
2024-04-06 19:10:00,15.67674137566292,40,15
2024-04-06 19:12:00,21.086388051006256,65,15
2024-04-06 19:14:00,20.652739996265456,68,15
2024-04-06 19:16:00,14.75035787600276,52,15
2024-04-06 19:18:00,15.031924952866149,57,15
2024-04-06 19:20:00,9.179524862901028,52,13
2024-04-06 19:22:00,21.994876057154602,36,15
2024-04-06 19:24:00,18.60102112509618,31,15
2024-04-06 19:26:00,24.467643394803957,50,15
2024-04-06 19:28:00,9.14269229085773,34,12
2024-04-06 19:30:00,30.38079197433271,37,15
2024-04-06 19:32:00,16.463334327278556,49,15
2024-04-06 19:34:00,23.457376590052,48,15
2024-04-06 19:36:00,14.824860551095082,27,15
2024-04-06 19:38:00,17.67887648905405,62,15
2024-04-06 19:40:00,15.459903200534722,37,15
2024-04-06 19:42:00,19.2332658664047,44,15
2024-04-06 19:44:00,15.614633504395105,53,15
2024-04-06 19:46:00,19.16455088515344,35,15
2024-04-06 19:48:00,8.993891603229454,41,12
2024-04-06 19:50:00,19.636671705606922,41,15
2024-04-06 19:52:00,15.012267636930394,42,15
2024-04-06 19:54:00,18.815148854993375,42,15
2024-04-06 19:56:00,21.606905146268076,64,15
2024-04-06 19:58:00,23.050389265729308,60,15
2024-04-06 20:00:00,21.58715028111725,60,15
2024-04-06 20:02:00,13.278017389674565,30,15
2024-04-06 20:04:00,17.23789676066731,45,15
2024-04-06 20:06:00,19.13389570380779,45,15
2024-04-06 20:08:00,1.3675927361509181,40,3
2024-04-06 20:10:00,22.803647448007013,45,15
2024-04-06 20:12:00,7.106816039839961,47,10
2024-04-06 20:14:00,13.112836406149762,50,15
2024-04-06 20:16:00,14.082916286866142,30,15
2024-04-06 20:18:00,12.17728501002391,48,15
2024-04-06 20:20:00,7.927082127914709,40,11
2024-04-06 20:22:00,15.92055127574101,45,15
2024-04-06 20:24:00,22.887521458498135,32,15
2024-04-06 20:26:00,21.04110761144911,29,15
2024-04-06 20:28:00,13.751148079870616,34,15
2024-04-06 20:30:00,12.543006385766951,44,15
2024-04-06 20:32:00,13.736019310755934,26,15
2024-04-06 20:34:00,6.977781967319725,30,9
2024-04-06 20:36:00,22.254875230798028,41,15
2024-04-06 20:38:00,13.138561814097454,49,15
2024-04-06 20:40:00,12.374620656174164,32,15
2024-04-06 20:42:00,12.146013228885732,48,15
2024-04-06 20:44:00,9.066237648089421,40,12
2024-04-06 20:46:00,16.918045909377085,23,15
2024-04-06 20:48:00,16.725898933975877,35,15
2024-04-06 20:50:00,12.096611256839836,36,15
2024-04-06 20:52:00,20.623146245862618,29,15
2024-04-06 20:54:00,19.122560284383997,44,15
2024-04-06 20:56:00,14.560536932071546,30,15
2024-04-06 20:58:00,9.02090576973599,48,12
2024-04-06 21:00:00,9.050942193553084,26,12
2024-04-06 21:02:00,19.636352108812172,38,15
2024-04-06 21:04:00,20.11039525348012,37,15
2024-04-06 21:06:00,9.263041942655747,43,12
2024-04-06 21:08:00,27.70481963364928,43,15
2024-04-06 21:10:00,16.497056626829803,38,15
2024-04-06 21:12:00,16.440637198230913,35,15
2024-04-06 21:14:00,11.59213070628213,37,15
2024-04-06 21:16:00,9.746362100158276,49,13
2024-04-06 21:18:00,19.601545643373026,41,15
2024-04-06 21:20:00,17.520479809298614,21,15
2024-04-06 21:22:00,21.53666087362796,36,15
2024-04-06 21:24:00,8.254070235472849,26,11
2024-04-06 21:26:00,10.432009154243387,11,13
2024-04-06 21:28:00,12.940075400694132,34,15
2024-04-06 21:30:00,11.611576778884725,42,15
2024-04-06 21:32:00,10.098467875689527,22,13
2024-04-06 21:34:00,14.31329795844211,24,15
2024-04-06 21:36:00,8.545576457458425,45,12
2024-04-06 21:38:00,6.688929849150952,47,9
2024-04-06 21:40:00,14.417703290231279,50,15
2024-04-06 21:42:00,4.044421933794294,35,6
2024-04-06 21:44:00,3.2471690122994907,23,5
2024-04-06 21:46:00,6.352962691636705,23,8
2024-04-06 21:48:00,7.407638328359882,32,10
2024-04-06 21:50:00,15.025594793426638,27,15
2024-04-06 21:52:00,8.244048525373099,55,11
2024-04-06 21:54:00,13.126632113331699,30,15
2024-04-06 21:56:00,7.07010190570905,31,9
2024-04-06 21:58:00,9.898793435223453,49,13
2024-04-06 22:00:00,14.308916489949572,24,15
2024-04-06 22:02:00,0.7258645843652669,20,1
2024-04-06 22:04:00,12.15748828788247,33,15
2024-04-06 22:06:00,5.123237221631419,37,7
2024-04-06 22:08:00,2.06444802974778,34,3
2024-04-06 22:10:00,14.754336065876494,16,15
2024-04-06 22:12:00,16.7001858624815,28,15
2024-04-06 22:14:00,8.50060384759121,49,12
2024-04-06 22:16:00,13.970791501374663,27,15
2024-04-06 22:18:00,11.380186505511322,37,15
2024-04-06 22:20:00,10.654880388530433,26,14
2024-04-06 22:22:00,11.504241191990683,25,15
2024-04-06 22:24:00,14.790007292525521,20,15
2024-04-06 22:26:00,3.1046136801599493,41,5
2024-04-06 22:28:00,15.779690937924684,42,15
2024-04-06 22:30:00,11.91449576135997,20,15
2024-04-06 22:32:00,11.915690360504192,34,15
2024-04-06 22:34:00,5.208328950289575,50,8
2024-04-06 22:36:00,8.323139079529584,20,11
2024-04-06 22:38:00,4.61508991263329,29,6
2024-04-06 22:40:00,4.834604053721796,30,7
2024-04-06 22:42:00,17.08762696939278,34,15
2024-04-06 22:44:00,12.61248663613107,26,15
2024-04-06 22:46:00,13.51973965077859,39,15
2024-04-06 22:48:00,5.374400330392961,26,7
2024-04-06 22:50:00,7.291326019534342,28,10
2024-04-06 22:52:00,12.949645857848656,23,15
2024-04-06 22:54:00,4.000224181277828,37,6
2024-04-06 22:56:00,9.52002408759156,30,13
2024-04-06 22:58:00,9.870303954307968,24,13
2024-04-06 23:00:00,11.310648269054644,28,15
2024-04-06 23:02:00,6.920321257338193,32,9
2024-04-06 23:04:00,6.249527340625438,12,8
2024-04-06 23:06:00,7.075399284442113,16,9
2024-04-06 23:08:00,1.4927345367631482,3,2
2024-04-06 23:10:00,4.115269496805584,24,6
2024-04-06 23:12:00,15.598698090128128,32,15
2024-04-06 23:14:00,9.130281255834083,39,12
2024-04-06 23:16:00,7.429169950394401,28,10
2024-04-06 23:18:00,8.60567228902043,29,11
2024-04-06 23:20:00,7.616957710615154,26,10
2024-04-06 23:22:00,6.533912652842117,46,9
2024-04-06 23:24:00,0.1,34,1
2024-04-06 23:26:00,5.861787900447613,43,8
2024-04-06 23:28:00,12.613000496562053,28,15
2024-04-06 23:30:00,7.17323500361538,27,10
2024-04-06 23:32:00,10.587627889110188,20,14
2024-04-06 23:34:00,11.572986303817718,23,15
2024-04-06 23:36:00,4.008455004874214,34,6
2024-04-06 23:38:00,12.319131504392537,32,15
2024-04-06 23:40:00,0.1,38,1
2024-04-06 23:42:00,13.470191365090038,35,15
2024-04-06 23:44:00,12.354485994750789,36,15
2024-04-06 23:46:00,1.444118022107098,27,2
2024-04-06 23:48:00,5.210536268903137,27,7
2024-04-06 23:50:00,1.7588582494954323,28,3
2024-04-06 23:52:00,18.547136887444218,26,15
2024-04-06 23:54:00,15.793407016922448,30,15
2024-04-06 23:56:00,3.0200339174561197,49,5
2024-04-06 23:58:00,13.160810609425592,22,15
2024-04-07 00:00:00,11.175089600956118,39,15
2024-04-07 00:02:00,10.335855987339636,19,13
2024-04-07 00:04:00,4.811882144147521,14,6
2024-04-07 00:06:00,14.94495805503,22,15
2024-04-07 00:08:00,0.1,18,1
2024-04-07 00:10:00,13.487270420541217,25,15
2024-04-07 00:12:00,7.993073589208549,22,10
2024-04-07 00:14:00,15.943833397777045,24,15
2024-04-07 00:16:00,5.179961556287576,21,7
2024-04-07 00:18:00,1.266498473274206,29,2
2024-04-07 00:20:00,10.904039971176836,24,14
2024-04-07 00:22:00,5.913309636574766,41,8
2024-04-07 00:24:00,7.621135173265472,30,10
2024-04-07 00:26:00,13.501487536840127,28,15
2024-04-07 00:28:00,16.0989710712653,26,15
2024-04-07 00:30:00,11.251081579446444,16,14
2024-04-07 00:32:00,11.090199691137816,32,15
2024-04-07 00:34:00,9.256356384809445,39,12
2024-04-07 00:36:00,10.27722311066313,19,13
2024-04-07 00:38:00,8.527166800689567,22,11
2024-04-07 00:40:00,10.677545799897597,18,14
2024-04-07 00:42:00,4.078241845109838,11,5
2024-04-07 00:44:00,8.128125701628571,31,11
2024-04-07 00:46:00,7.475284416637713,23,10
2024-04-07 00:48:00,0.1,28,1
2024-04-07 00:50:00,6.732331964029504,38,9
2024-04-07 00:52:00,2.070670267290554,21,3
2024-04-07 00:54:00,13.31323130791532,29,15
2024-04-07 00:56:00,10.640742887829347,22,14
2024-04-07 00:58:00,4.369955499732196,16,6
2024-04-07 01:00:00,7.956235474958456,18,10
2024-04-07 01:02:00,14.904791308051323,29,15
2024-04-07 01:04:00,8.768176637546768,32,12
2024-04-07 01:06:00,7.537057873629668,13,10
2024-04-07 01:08:00,9.706355183813976,26,13
2024-04-07 01:10:00,14.393914516415062,41,15
2024-04-07 01:12:00,6.111092139097691,36,8
2024-04-07 01:14:00,4.076324955942991,28,6
2024-04-07 01:16:00,10.66230878459235,44,14
2024-04-07 01:18:00,25.42539894658333,37,15
2024-04-07 01:20:00,10.216391001552857,35,13
2024-04-07 01:22:00,17.42248317331011,33,15
2024-04-07 01:24:00,9.797604338296674,22,13
2024-04-07 01:26:00,4.240996687480923,35,6
2024-04-07 01:28:00,10.960978577921196,37,14
2024-04-07 01:30:00,17.493283540008903,35,15
2024-04-07 01:32:00,12.780977011747554,34,15
2024-04-07 01:34:00,15.358570307623154,27,15
2024-04-07 01:36:00,11.006114291822389,6,14
2024-04-07 01:38:00,18.977334011251966,38,15
2024-04-07 01:40:00,7.405237192023896,25,10
2024-04-07 01:42:00,12.949849759826266,33,15
2024-04-07 01:44:00,4.04797356269384,39,6
2024-04-07 01:46:00,15.112699633125787,28,15
2024-04-07 01:48:00,13.346640751238592,30,15
2024-04-07 01:50:00,13.890568827225437,34,15
2024-04-07 01:52:00,26.54018636390409,15,15
2024-04-07 01:54:00,16.359033501459244,35,15
2024-04-07 01:56:00,23.796171355908527,44,15
2024-04-07 01:58:00,8.518857381886479,30,11
2024-04-07 02:00:00,5.782679915145018,33,8
2024-04-07 02:02:00,8.086219767077951,31,11
2024-04-07 02:04:00,13.762619259817841,50,15
2024-04-07 02:06:00,15.769061433195265,30,15
2024-04-07 02:08:00,13.285664500582264,46,15
2024-04-07 02:10:00,15.79423318901696,42,15
2024-04-07 02:12:00,9.128243781727548,53,12
2024-04-07 02:14:00,10.753315904836732,23,14
2024-04-07 02:16:00,9.77320031060383,29,13
2024-04-07 02:18:00,10.681223120684077,37,14
2024-04-07 02:20:00,9.258097257121586,27,12
2024-04-07 02:22:00,14.744349894532869,42,15
2024-04-07 02:24:00,12.034266698822403,37,15
2024-04-07 02:26:00,20.511503243004196,28,15
2024-04-07 02:28:00,11.575847397478496,41,15
2024-04-07 02:30:00,15.010321297052046,46,15
2024-04-07 02:32:00,10.633148764746572,54,14
2024-04-07 02:34:00,13.104582893488969,31,15
2024-04-07 02:36:00,16.908299982316592,43,15
2024-04-07 02:38:00,14.70939487607141,52,15
2024-04-07 02:40:00,8.99780654113773,28,12
2024-04-07 02:42:00,10.947569493562133,45,15
2024-04-07 02:44:00,10.880479094610711,45,15
2024-04-07 02:46:00,7.907426089036469,28,10
2024-04-07 02:48:00,12.097549049547053,31,15
2024-04-07 02:50:00,24.02303425828191,31,15
2024-04-07 02:52:00,18.47741330084409,27,15
2024-04-07 02:54:00,13.265137123475624,42,15
2024-04-07 02:56:00,9.910436231114419,30,13
2024-04-07 02:58:00,15.025848345706239,48,15
2024-04-07 03:00:00,10.231408824177315,39,14
2024-04-07 03:02:00,9.37802257443861,38,12
2024-04-07 03:04:00,13.316359192644471,13,15
2024-04-07 03:06:00,20.460244842133697,49,15
2024-04-07 03:08:00,2.3397348161231406,23,3
2024-04-07 03:10:00,16.123575594563658,24,15
2024-04-07 03:12:00,4.605138734940308,36,6
2024-04-07 03:14:00,18.440005249582967,50,15
2024-04-07 03:16:00,12.798890157026378,34,15
2024-04-07 03:18:00,14.739324965446006,26,15
2024-04-07 03:20:00,18.412742344906256,40,15
2024-04-07 03:22:00,9.399147860584147,53,13
2024-04-07 03:24:00,20.379620506866758,39,15
2024-04-07 03:26:00,14.027791679374344,41,15
2024-04-07 03:28:00,17.330431084298763,54,15
2024-04-07 03:30:00,7.756119195563161,41,11
2024-04-07 03:32:00,16.460333416318562,55,15
2024-04-07 03:34:00,13.9443751950556,61,15
2024-04-07 03:36:00,15.062108328155448,33,15
2024-04-07 03:38:00,14.130660062867017,38,15
2024-04-07 03:40:00,17.98427138163915,37,15
2024-04-07 03:42:00,20.14979635772001,35,15
2024-04-07 03:44:00,12.58534888116445,41,15
2024-04-07 03:46:00,21.573321365538916,27,15
2024-04-07 03:48:00,9.508479898655668,52,13
2024-04-07 03:50:00,16.861085322793055,44,15
2024-04-07 03:52:00,15.667525374194486,45,15
2024-04-07 03:54:00,11.729142525404301,42,15
2024-04-07 03:56:00,19.539696322911368,38,15
2024-04-07 03:58:00,22.93058367069033,41,15
2024-04-07 04:00:00,19.485145275083262,34,15
2024-04-07 04:02:00,14.159462605895198,55,15
2024-04-07 04:04:00,13.267872591697127,41,15
2024-04-07 04:06:00,18.552350631824318,56,15
2024-04-07 04:08:00,22.041380235384082,40,15
2024-04-07 04:10:00,18.38017628890252,36,15
2024-04-07 04:12:00,24.481540551362475,48,15
2024-04-07 04:14:00,18.249889564504123,27,15
2024-04-07 04:16:00,23.54711456370038,25,15
2024-04-07 04:18:00,18.208534829175278,39,15
2024-04-07 04:20:00,21.258517279411038,37,15
2024-04-07 04:22:00,14.541248572555038,56,15
2024-04-07 04:24:00,18.011353364330184,36,15
2024-04-07 04:26:00,17.670804505205417,52,15
2024-04-07 04:28:00,25.847018456509666,48,15
2024-04-07 04:30:00,21.070867844145187,46,15
2024-04-07 04:32:00,10.867456489485537,45,14
2024-04-07 04:34:00,17.068402420728606,39,15
2024-04-07 04:36:00,15.417106621724091,50,15
2024-04-07 04:38:00,13.139922797316405,59,15
2024-04-07 04:40:00,14.417907282028803,63,15
2024-04-07 04:42:00,13.741513753795509,52,15
2024-04-07 04:44:00,30.14859477929845,31,15
2024-04-07 04:46:00,14.725539289970133,49,15
2024-04-07 04:48:00,14.97650216608538,57,15
2024-04-07 04:50:00,20.656004321323056,53,15
2024-04-07 04:52:00,22.138783582675504,41,15
2024-04-07 04:54:00,18.81235577766331,53,15
2024-04-07 04:56:00,24.248454369921415,60,15
2024-04-07 04:58:00,26.904893722534545,54,15
2024-04-07 05:00:00,16.585711396123276,51,15
2024-04-07 05:02:00,23.634866826964302,46,15
2024-04-07 05:04:00,22.2689727055848,60,15
2024-04-07 05:06:00,16.912906151871603,52,15
2024-04-07 05:08:00,20.456796381623867,53,15
2024-04-07 05:10:00,8.447383839190287,45,11
2024-04-07 05:12:00,22.618958110906792,58,15
2024-04-07 05:14:00,19.345176477718674,49,15
2024-04-07 05:16:00,17.868322459456042,52,15
2024-04-07 05:18:00,23.833143395744866,64,15
2024-04-07 05:20:00,28.522508567028993,39,15
2024-04-07 05:22:00,31.066478871270043,44,15
2024-04-07 05:24:00,33.92192041457022,62,15
2024-04-07 05:26:00,19.25784755945306,51,15
2024-04-07 05:28:00,24.76580741743979,47,15
2024-04-07 05:30:00,28.34993148409367,46,15
2024-04-07 05:32:00,35.74043317522549,67,15
2024-04-07 05:34:00,28.932364893084795,58,15
2024-04-07 05:36:00,23.130758968741446,51,15
2024-04-07 05:38:00,17.02854239303661,40,15
2024-04-07 05:40:00,18.61174948262338,52,15
2024-04-07 05:42:00,16.573110263352156,52,15
2024-04-07 05:44:00,25.028511379163668,90,15
2024-04-07 05:46:00,26.648496804926108,50,15
2024-04-07 05:48:00,24.209739232948323,54,15
2024-04-07 05:50:00,22.46126232385335,35,15
2024-04-07 05:52:00,19.055577153740046,55,15
2024-04-07 05:54:00,34.76033480550784,48,15
2024-04-07 05:56:00,21.207709390793386,58,15
2024-04-07 05:58:00,24.1047336239685,37,15
2024-04-07 06:00:00,28.23678958337179,50,15
2024-04-07 06:02:00,20.758711368654524,56,15
2024-04-07 06:04:00,22.524006925413918,66,15
2024-04-07 06:06:00,23.710884941267942,59,15
2024-04-07 06:08:00,22.061688024080166,58,15
2024-04-07 06:10:00,23.65575186386123,61,15
2024-04-07 06:12:00,23.17287108492685,82,15
2024-04-07 06:14:00,27.222928136297487,56,15
2024-04-07 06:16:00,23.25833288418815,53,15
2024-04-07 06:18:00,34.01308116344558,53,15
2024-04-07 06:20:00,19.717024533319236,59,15
2024-04-07 06:22:00,30.598545358247947,66,15
2024-04-07 06:24:00,29.969947822589198,66,15
2024-04-07 06:26:00,17.717572876628818,59,15
2024-04-07 06:28:00,22.671601708507996,48,15
2024-04-07 06:30:00,18.61180018275453,69,15
2024-04-07 06:32:00,23.511735768129448,71,15
2024-04-07 06:34:00,28.873276432045486,58,15
2024-04-07 06:36:00,23.301363439908975,41,15
2024-04-07 06:38:00,27.582732834725487,32,15
2024-04-07 06:40:00,24.435436108422195,66,15
2024-04-07 06:42:00,27.838288196970275,43,15
2024-04-07 06:44:00,29.65626100195765,61,15
2024-04-07 06:46:00,20.505574250297016,55,15
2024-04-07 06:48:00,36.88568761098027,66,15
2024-04-07 06:50:00,26.673619337129225,55,15
2024-04-07 06:52:00,28.12752204197928,70,15
2024-04-07 06:54:00,33.017254386366055,50,15
2024-04-07 06:56:00,31.384845835303025,70,15
2024-04-07 06:58:00,25.362920974842517,48,15
2024-04-07 07:00:00,23.299545514167825,63,15
2024-04-07 07:02:00,28.87282266957372,86,15
2024-04-07 07:04:00,27.44577838470545,53,15
2024-04-07 07:06:00,32.54124692089295,63,15
2024-04-07 07:08:00,34.557471297343504,68,15
2024-04-07 07:10:00,31.302675928767243,71,15
2024-04-07 07:12:00,32.62324420195796,73,15
2024-04-07 07:14:00,25.92364313590486,76,15
2024-04-07 07:16:00,21.758270621382927,62,15
2024-04-07 07:18:00,26.61119085958473,67,15
2024-04-07 07:20:00,30.16628154175071,86,15
2024-04-07 07:22:00,29.935770768391844,67,15
2024-04-07 07:24:00,23.793857759504363,67,15
2024-04-07 07:26:00,28.33938824522879,71,15
2024-04-07 07:28:00,24.887103343412644,67,15
2024-04-07 07:30:00,28.611226168946576,79,15
2024-04-07 07:32:00,37.98059620689359,83,15
2024-04-07 07:34:00,37.902081701254176,77,15
2024-04-07 07:36:00,29.81023764046416,62,15
2024-04-07 07:38:00,35.770836753587986,79,15
2024-04-07 07:40:00,35.18691559261082,70,15
2024-04-07 07:42:00,27.518958931333152,83,15
2024-04-07 07:44:00,36.01176360782203,59,15
2024-04-07 07:46:00,33.11700161928486,81,15
2024-04-07 07:48:00,31.838933177417648,75,15
2024-04-07 07:50:00,30.966419032297793,88,15
2024-04-07 07:52:00,32.79339882346502,68,15
2024-04-07 07:54:00,31.49309250087996,95,15
2024-04-07 07:56:00,30.80904828570725,72,15
2024-04-07 07:58:00,32.77892643035264,72,15
2024-04-07 08:00:00,30.420832395768706,83,15
2024-04-07 08:02:00,30.991029275012565,64,15
2024-04-07 08:04:00,30.103448783283476,75,15
2024-04-07 08:06:00,26.59914264050778,77,15
2024-04-07 08:08:00,24.691968396199012,74,15
2024-04-07 08:10:00,38.4915808665521,84,15
2024-04-07 08:12:00,29.145192665524966,81,15
2024-04-07 08:14:00,35.87497537886355,87,15
2024-04-07 08:16:00,29.99754722559986,69,15
2024-04-07 08:18:00,35.37285143762813,80,15
2024-04-07 08:20:00,24.739677416330892,93,15
2024-04-07 08:22:00,27.85910317790764,62,15
2024-04-07 08:24:00,31.771127764112045,71,15
2024-04-07 08:26:00,27.657886710110226,83,15
2024-04-07 08:28:00,35.7989320758825,82,15
2024-04-07 08:30:00,34.719207659714854,78,15
2024-04-07 08:32:00,31.898316410024346,97,15
2024-04-07 08:34:00,30.636645407295298,78,15
2024-04-07 08:36:00,28.02485535212559,71,15
2024-04-07 08:38:00,33.86607874291615,82,15
2024-04-07 08:40:00,33.78010193322895,100,15
2024-04-07 08:42:00,28.32019109154933,62,15
2024-04-07 08:44:00,33.94274817030015,72,15
2024-04-07 08:46:00,37.85536466923846,92,15
2024-04-07 08:48:00,30.394899775590993,82,15
2024-04-07 08:50:00,35.14682917521234,75,15
2024-04-07 08:52:00,39.13915305585268,70,15
2024-04-07 08:54:00,26.933142396812237,74,15
2024-04-07 08:56:00,24.966121188866698,100,15
2024-04-07 08:58:00,37.37879890625634,82,15
2024-04-07 09:00:00,35.68610678111351,63,15
2024-04-07 09:02:00,38.36953151802251,77,15
2024-04-07 09:04:00,32.564356226086716,87,15
2024-04-07 09:06:00,29.097894792387507,80,15
2024-04-07 09:08:00,38.0248401335857,69,15
2024-04-07 09:10:00,34.22075606599529,66,15
2024-04-07 09:12:00,36.280954851107204,75,15
2024-04-07 09:14:00,29.916186636229682,83,15
2024-04-07 09:16:00,36.11553007597132,95,15
2024-04-07 09:18:00,35.95474920265048,93,15
2024-04-07 09:20:00,36.28977513967678,49,15
2024-04-07 09:22:00,34.10252617103215,73,15
2024-04-07 09:24:00,40.891802072876544,61,15
2024-04-07 09:26:00,40.379787656379484,77,15
2024-04-07 09:28:00,40.88222980005212,53,15
2024-04-07 09:30:00,39.3241255006873,100,15
2024-04-07 09:32:00,37.30948253495954,81,15
2024-04-07 09:34:00,43.55273672364693,86,15
2024-04-07 09:36:00,41.332968898157155,84,15
2024-04-07 09:38:00,31.39091592603579,102,15
2024-04-07 09:40:00,38.44384172303904,85,15
2024-04-07 09:42:00,43.29246899600736,85,15
2024-04-07 09:44:00,39.378068809237675,75,15
2024-04-07 09:46:00,33.42157764502801,87,15
2024-04-07 09:48:00,40.86448133822372,98,15
2024-04-07 09:50:00,32.297250384431116,80,15
2024-04-07 09:52:00,36.99529373517197,94,15
2024-04-07 09:54:00,34.405124829539574,77,15
2024-04-07 09:56:00,34.643669080487946,74,15
2024-04-07 09:58:00,39.810171223631684,94,15
2024-04-07 10:00:00,36.48716006577413,80,15
2024-04-07 10:02:00,47.43777602726203,81,15
2024-04-07 10:04:00,39.91629771094479,67,15
2024-04-07 10:06:00,36.437611999486684,90,15
2024-04-07 10:08:00,37.02381145684086,66,15
2024-04-07 10:10:00,41.79098294439165,84,15
2024-04-07 10:12:00,41.76573559490249,78,15
2024-04-07 10:14:00,41.45376334057838,89,15
2024-04-07 10:16:00,42.15846309340478,93,15
2024-04-07 10:18:00,37.43395998736803,67,15
2024-04-07 10:20:00,45.24961878328031,82,15
2024-04-07 10:22:00,34.98456927855693,98,15
2024-04-07 10:24:00,40.64764915734993,92,15
2024-04-07 10:26:00,32.619807882888736,80,15
2024-04-07 10:28:00,44.15490604997719,87,15
2024-04-07 10:30:00,39.495771708939586,88,15
2024-04-07 10:32:00,30.874862973177724,82,15
2024-04-07 10:34:00,32.43798354252172,72,15
2024-04-07 10:36:00,36.96169915004158,76,15
2024-04-07 10:38:00,49.45211978641617,93,15
2024-04-07 10:40:00,42.874769586499944,93,15
2024-04-07 10:42:00,51.743096711257365,71,15
2024-04-07 10:44:00,37.6939405514327,98,15
2024-04-07 10:46:00,43.16458448056455,88,15
2024-04-07 10:48:00,43.14813650091346,86,15
2024-04-07 10:50:00,39.18761225633477,75,15
2024-04-07 10:52:00,35.14458368716155,85,15
2024-04-07 10:54:00,30.38801155459531,95,15
2024-04-07 10:56:00,25.936096410413576,98,15
2024-04-07 10:58:00,36.25861674468955,101,15
2024-04-07 11:00:00,48.166898470600614,81,15
2024-04-07 11:02:00,46.92459975227516,80,15
2024-04-07 11:04:00,34.82999693519784,74,15
2024-04-07 11:06:00,36.22882383165597,88,15
2024-04-07 11:08:00,45.75944079708209,108,15
2024-04-07 11:10:00,46.91426576788473,76,15
2024-04-07 11:12:00,43.85353763455701,102,15
2024-04-07 11:14:00,33.88772053178838,85,15
2024-04-07 11:16:00,40.3013748858863,102,15
2024-04-07 11:18:00,39.489684851374186,65,15
2024-04-07 11:20:00,37.38030367276003,100,15
2024-04-07 11:22:00,40.51466765104927,85,15
2024-04-07 11:24:00,37.83020984279882,98,15
2024-04-07 11:26:00,27.755021351094836,76,15
2024-04-07 11:28:00,34.248483457013734,83,15
2024-04-07 11:30:00,41.252312407003146,90,15
2024-04-07 11:32:00,40.48692993971498,90,15
2024-04-07 11:34:00,27.800876997871487,96,15
2024-04-07 11:36:00,37.522121542000725,89,15
2024-04-07 11:38:00,39.26781523397871,94,15
2024-04-07 11:40:00,44.01529905471778,97,15
2024-04-07 11:42:00,40.54652623132739,95,15
2024-04-07 11:44:00,46.51468209751783,88,15
2024-04-07 11:46:00,30.447940543578802,95,15
2024-04-07 11:48:00,38.83231632734972,104,15
2024-04-07 11:50:00,44.72877363056089,79,15
2024-04-07 11:52:00,40.50535976672119,82,15
2024-04-07 11:54:00,48.59343949929452,75,15
2024-04-07 11:56:00,39.382625502456634,88,15
2024-04-07 11:58:00,42.5962493777769,94,15
2024-04-07 12:00:00,47.029416948879984,68,15
2024-04-07 12:02:00,45.16368147141854,65,15
2024-04-07 12:04:00,34.18850820365869,99,15
2024-04-07 12:06:00,37.36105147881756,89,15
2024-04-07 12:08:00,39.27013435410723,88,15
2024-04-07 12:10:00,46.18087324628354,101,15
2024-04-07 12:12:00,34.11376293589832,88,15
2024-04-07 12:14:00,44.80196544799723,81,15
2024-04-07 12:16:00,39.7417889532989,94,15
2024-04-07 12:18:00,44.20663578233566,86,15
2024-04-07 12:20:00,43.04221584510036,92,15
2024-04-07 12:22:00,34.82649446060648,77,15
2024-04-07 12:24:00,40.78954715581443,80,15
2024-04-07 12:26:00,40.7520144144232,82,15
2024-04-07 12:28:00,32.84687907397369,83,15
2024-04-07 12:30:00,39.54646825516906,81,15
2024-04-07 12:32:00,44.54267914513298,92,15
2024-04-07 12:34:00,40.75598348759851,83,15
2024-04-07 12:36:00,33.53685213355225,82,15
2024-04-07 12:38:00,38.345539076441014,77,15
2024-04-07 12:40:00,39.93977173209176,93,15
2024-04-07 12:42:00,36.55414484276889,88,15
2024-04-07 12:44:00,36.97669995231676,77,15
2024-04-07 12:46:00,37.53977896419635,99,15
2024-04-07 12:48:00,31.79225151020308,75,15
2024-04-07 12:50:00,42.56778052742964,62,15
2024-04-07 12:52:00,46.10347173677183,104,15
2024-04-07 12:54:00,34.4216601131108,96,15
2024-04-07 12:56:00,27.646581741409157,96,15
2024-04-07 12:58:00,34.615532782082056,98,15
2024-04-07 13:00:00,40.199293471477894,85,15
2024-04-07 13:02:00,41.52529580985266,108,15
2024-04-07 13:04:00,46.71066083601436,96,15
2024-04-07 13:06:00,36.73992508739375,98,15
2024-04-07 13:08:00,45.03763648412329,90,15
2024-04-07 13:10:00,44.03992388267343,91,15
2024-04-07 13:12:00,35.59020876760514,80,15
2024-04-07 13:14:00,36.430909014502895,94,15
2024-04-07 13:16:00,44.39890596563613,77,15
2024-04-07 13:18:00,42.329839611313986,89,15
2024-04-07 13:20:00,36.98744078884139,95,15
2024-04-07 13:22:00,40.66794991673242,96,15
2024-04-07 13:24:00,36.28340732952439,97,15
2024-04-07 13:26:00,43.1086794878024,103,15
2024-04-07 13:28:00,45.80214886962701,81,15
2024-04-07 13:30:00,44.03085532173883,85,15
2024-04-07 13:32:00,41.458916700386034,75,15
2024-04-07 13:34:00,34.736526165276445,92,15
2024-04-07 13:36:00,33.5080652129718,71,15
2024-04-07 13:38:00,41.85183919107157,88,15
2024-04-07 13:40:00,36.61249835868743,91,15
2024-04-07 13:42:00,38.13811791944494,82,15
2024-04-07 13:44:00,34.74653305106729,66,15
2024-04-07 13:46:00,28.908095215350787,78,15
2024-04-07 13:48:00,35.99941308317664,102,15
2024-04-07 13:50:00,36.55165636454343,84,15
2024-04-07 13:52:00,37.32616997637151,83,15
2024-04-07 13:54:00,44.53870150842694,90,15
2024-04-07 13:56:00,42.109485940685694,98,15
2024-04-07 13:58:00,45.276843776356046,80,15
2024-04-07 14:00:00,33.94705663792311,99,15
2024-04-07 14:02:00,41.66369375596917,91,15
2024-04-07 14:04:00,35.38972087537374,88,15
2024-04-07 14:06:00,37.26255313738065,102,15
2024-04-07 14:08:00,36.45152696769545,93,15
2024-04-07 14:10:00,43.2446911704671,100,15
2024-04-07 14:12:00,32.07623997498328,102,15
2024-04-07 14:14:00,39.75476610905053,84,15
2024-04-07 14:16:00,34.91350307361124,95,15
2024-04-07 14:18:00,39.95527239818462,93,15
2024-04-07 14:20:00,36.55000483105862,85,15
2024-04-07 14:22:00,30.064882430448556,94,15
2024-04-07 14:24:00,32.52454843411167,67,15
2024-04-07 14:26:00,31.59394629155461,82,15
2024-04-07 14:28:00,42.39922694478749,97,15
2024-04-07 14:30:00,30.573072001149498,92,15
2024-04-07 14:32:00,43.839155221060096,88,15
2024-04-07 14:34:00,46.1636211004539,99,15
2024-04-07 14:36:00,36.94393670871232,93,15
2024-04-07 14:38:00,36.52684776365151,91,15
2024-04-07 14:40:00,38.99000051060166,90,15
2024-04-07 14:42:00,39.3700537979373,75,15
2024-04-07 14:44:00,46.029761740183524,92,15
2024-04-07 14:46:00,31.37708573050712,91,15
2024-04-07 14:48:00,40.53818084899074,74,15
2024-04-07 14:50:00,36.423741655734986,78,15
2024-04-07 14:52:00,28.7910028730497,69,15
2024-04-07 14:54:00,38.47971027013558,63,15
2024-04-07 14:56:00,37.498545772408846,85,15
2024-04-07 14:58:00,32.50403647007853,87,15
2024-04-07 15:00:00,33.768394114510514,84,15
2024-04-07 15:02:00,33.22580039837843,81,15
2024-04-07 15:04:00,33.72711036572983,84,15
2024-04-07 15:06:00,29.247350309247814,68,15
2024-04-07 15:08:00,33.07136725455778,85,15
2024-04-07 15:10:00,37.01378249313154,79,15
2024-04-07 15:12:00,30.632272863953535,83,15
2024-04-07 15:14:00,37.5949752637504,74,15
2024-04-07 15:16:00,35.658192646160956,71,15
2024-04-07 15:18:00,33.39513832899329,77,15
2024-04-07 15:20:00,33.16939628003417,102,15
2024-04-07 15:22:00,36.7916445634245,88,15
2024-04-07 15:24:00,30.78505145282506,94,15
2024-04-07 15:26:00,33.18049192729669,51,15
2024-04-07 15:28:00,28.109906688858047,90,15
2024-04-07 15:30:00,36.6837116000523,86,15
2024-04-07 15:32:00,32.59654734155054,76,15
2024-04-07 15:34:00,35.48534169742542,85,15
2024-04-07 15:36:00,30.571190548005806,74,15
2024-04-07 15:38:00,26.73425898012168,78,15
2024-04-07 15:40:00,26.407898561096722,76,15
2024-04-07 15:42:00,28.239125254940753,81,15
2024-04-07 15:44:00,24.132355682701196,80,15
2024-04-07 15:46:00,39.64975792202399,67,15
2024-04-07 15:48:00,30.719199948447997,96,15
2024-04-07 15:50:00,21.541209661987157,72,15
2024-04-07 15:52:00,32.26277320217749,80,15
2024-04-07 15:54:00,43.57149403618323,57,15
2024-04-07 15:56:00,24.781533875481678,78,15
2024-04-07 15:58:00,25.456793448260207,77,15
2024-04-07 16:00:00,24.816962533550914,62,15
2024-04-07 16:02:00,38.86558832457198,65,15
2024-04-07 16:04:00,34.92376203349066,64,15
2024-04-07 16:06:00,24.82041909913439,67,15
2024-04-07 16:08:00,39.91347054243785,59,15
2024-04-07 16:10:00,27.90479382548721,68,15
2024-04-07 16:12:00,26.761103278931728,71,15
2024-04-07 16:14:00,30.300302392812437,87,15
2024-04-07 16:16:00,34.28483342741492,79,15
2024-04-07 16:18:00,34.48567179834971,53,15
2024-04-07 16:20:00,25.386050166653177,87,15
2024-04-07 16:22:00,30.968484941447095,69,15
2024-04-07 16:24:00,32.7813622512983,79,15
2024-04-07 16:26:00,37.207854490327584,77,15
2024-04-07 16:28:00,27.671935211369206,59,15
2024-04-07 16:30:00,26.21735420125519,72,15
2024-04-07 16:32:00,29.742337778736523,66,15
2024-04-07 16:34:00,27.518350652999874,69,15
2024-04-07 16:36:00,30.201015245649437,57,15
2024-04-07 16:38:00,35.14477491911474,73,15
2024-04-07 16:40:00,30.060335781957022,65,15
2024-04-07 16:42:00,29.726336601856108,65,15
2024-04-07 16:44:00,29.287057304569533,75,15
2024-04-07 16:46:00,30.650664085787316,82,15
2024-04-07 16:48:00,31.82645002947089,65,15
2024-04-07 16:50:00,17.12356544193015,62,15
2024-04-07 16:52:00,34.88820713165028,65,15
2024-04-07 16:54:00,36.87043518787288,59,15
2024-04-07 16:56:00,25.256360434587187,59,15
2024-04-07 16:58:00,29.17383046247602,62,15
2024-04-07 17:00:00,14.97546864239471,60,15
2024-04-07 17:02:00,31.97123405698791,51,15
2024-04-07 17:04:00,39.1539744250568,72,15
2024-04-07 17:06:00,27.89415043059622,80,15
2024-04-07 17:08:00,30.57015185662659,52,15
2024-04-07 17:10:00,18.39071394186909,73,15
2024-04-07 17:12:00,23.142931423806882,72,15
2024-04-07 17:14:00,33.346415484684975,51,15
2024-04-07 17:16:00,23.820500375522144,58,15
2024-04-07 17:18:00,24.80981071811502,68,15
2024-04-07 17:20:00,41.586724789413566,50,15
2024-04-07 17:22:00,33.79164863805423,55,15
2024-04-07 17:24:00,26.454181121337594,62,15
2024-04-07 17:26:00,22.7167473890504,61,15
2024-04-07 17:28:00,21.439309987488777,70,15
2024-04-07 17:30:00,18.279070477477276,60,15
2024-04-07 17:32:00,25.072250238558574,52,15
2024-04-07 17:34:00,33.28178273764452,69,15
2024-04-07 17:36:00,22.177582954585155,80,15
2024-04-07 17:38:00,21.540252061362747,59,15
2024-04-07 17:40:00,26.004779347579646,66,15
2024-04-07 17:42:00,23.641818046132812,62,15
2024-04-07 17:44:00,28.21723476993902,63,15
2024-04-07 17:46:00,18.20491198842172,67,15
2024-04-07 17:48:00,29.013152153727948,60,15
2024-04-07 17:50:00,18.696832058217772,69,15
2024-04-07 17:52:00,35.4108506926687,64,15
2024-04-07 17:54:00,28.18170295598884,74,15
2024-04-07 17:56:00,27.42503809179656,52,15
2024-04-07 17:58:00,27.523400185335948,57,15
2024-04-07 18:00:00,19.74039500549388,47,15
2024-04-07 18:02:00,25.14102061413227,75,15
2024-04-07 18:04:00,23.096266129441837,54,15
2024-04-07 18:06:00,23.347556870908488,51,15
2024-04-07 18:08:00,25.540296095371893,39,15
2024-04-07 18:10:00,26.889533502931215,56,15
2024-04-07 18:12:00,23.003698133141782,47,15
2024-04-07 18:14:00,32.02804900578282,59,15
2024-04-07 18:16:00,33.38512730432213,52,15
2024-04-07 18:18:00,31.493909734451417,52,15
2024-04-07 18:20:00,21.24644271747946,38,15
2024-04-07 18:22:00,18.034293875309363,64,15
2024-04-07 18:24:00,21.383576964576857,73,15
2024-04-07 18:26:00,19.704166415383213,72,15
2024-04-07 18:28:00,22.749268015543375,54,15
2024-04-07 18:30:00,16.83890335139293,60,15
2024-04-07 18:32:00,27.851535892264856,73,15
2024-04-07 18:34:00,19.336665829232587,49,15
2024-04-07 18:36:00,16.225186975708525,61,15
2024-04-07 18:38:00,30.64709097425682,60,15
2024-04-07 18:40:00,16.86916798223286,67,15
2024-04-07 18:42:00,25.416496743681854,42,15
2024-04-07 18:44:00,28.241779808205614,51,15
2024-04-07 18:46:00,25.73170588347576,49,15
2024-04-07 18:48:00,25.892551973876344,48,15
2024-04-07 18:50:00,18.405610931665063,56,15
2024-04-07 18:52:00,24.78094191386759,48,15
2024-04-07 18:54:00,20.370598257406474,53,15
2024-04-07 18:56:00,16.276739014903768,42,15
2024-04-07 18:58:00,16.594529480040535,43,15
2024-04-07 19:00:00,19.84912735389082,46,15
2024-04-07 19:02:00,17.396070862129456,65,15
2024-04-07 19:04:00,23.7814764036335,59,15
2024-04-07 19:06:00,23.867155268337676,50,15
2024-04-07 19:08:00,24.102945389529044,56,15
2024-04-07 19:10:00,19.072435428119885,39,15
2024-04-07 19:12:00,24.98170605989975,64,15
2024-04-07 19:14:00,16.933855352712623,48,15
2024-04-07 19:16:00,18.03052215743899,44,15
2024-04-07 19:18:00,14.05038214182549,70,15
2024-04-07 19:20:00,18.347627754205966,49,15
2024-04-07 19:22:00,18.853220189823944,56,15
2024-04-07 19:24:00,15.552871533366677,49,15
2024-04-07 19:26:00,15.86186573290387,39,15
2024-04-07 19:28:00,16.37602155062047,60,15
2024-04-07 19:30:00,19.074397696203416,74,15
2024-04-07 19:32:00,20.12864061124564,57,15
2024-04-07 19:34:00,25.56692266456919,55,15
2024-04-07 19:36:00,16.45006258281824,30,15
2024-04-07 19:38:00,21.413075644859276,62,15
2024-04-07 19:40:00,16.212360770099203,34,15
2024-04-07 19:42:00,16.20686946667419,37,15
2024-04-07 19:44:00,19.152061246346292,57,15
2024-04-07 19:46:00,26.006106430034624,49,15
2024-04-07 19:48:00,16.772675038556613,30,15
2024-04-07 19:50:00,7.726038712591038,41,10
2024-04-07 19:52:00,4.136473329770805,41,6
2024-04-07 19:54:00,12.632459948478685,45,15
2024-04-07 19:56:00,5.652649079905007,47,8
2024-04-07 19:58:00,20.605146530960393,38,15
2024-04-07 20:00:00,7.279704910889389,44,10
2024-04-07 20:02:00,25.57559284172675,54,15
2024-04-07 20:04:00,9.701324337767016,47,13
2024-04-07 20:06:00,19.100134605839383,42,15
2024-04-07 20:08:00,18.934159843518145,53,15
2024-04-07 20:10:00,25.201988381637417,29,15
2024-04-07 20:12:00,17.95649020032103,27,15
2024-04-07 20:14:00,10.311103834988216,44,14
2024-04-07 20:16:00,18.518286903287887,35,15
2024-04-07 20:18:00,14.132345370525304,46,15
2024-04-07 20:20:00,27.020333255835244,29,15
2024-04-07 20:22:00,18.524610033237344,64,15
2024-04-07 20:24:00,9.603226656125344,47,13
2024-04-07 20:26:00,22.25308384017064,39,15
2024-04-07 20:28:00,18.875835239153016,47,15
2024-04-07 20:30:00,13.299392468404736,45,15
2024-04-07 20:32:00,14.472549561313667,43,15
2024-04-07 20:34:00,12.208482053292213,53,15
2024-04-07 20:36:00,13.085656876965203,44,15
2024-04-07 20:38:00,24.550774271065094,46,15
2024-04-07 20:40:00,20.42407961602207,40,15
2024-04-07 20:42:00,9.996105966911069,43,13
2024-04-07 20:44:00,20.668229822987854,35,15
2024-04-07 20:46:00,8.240785169713597,43,11
2024-04-07 20:48:00,18.23361938188524,38,15
2024-04-07 20:50:00,9.580050094722662,41,13
2024-04-07 20:52:00,12.093832126689001,46,15
2024-04-07 20:54:00,15.371481497509272,39,15
2024-04-07 20:56:00,22.96575163695551,42,15
2024-04-07 20:58:00,24.37527097292033,21,15
2024-04-07 21:00:00,17.533238209082686,36,15
2024-04-07 21:02:00,13.48303121298761,31,15
2024-04-07 21:04:00,17.122815306993456,44,15
2024-04-07 21:06:00,13.795599079427522,57,15
2024-04-07 21:08:00,21.01258304279169,46,15
2024-04-07 21:10:00,18.263589246542296,38,15
2024-04-07 21:12:00,13.885937417910322,55,15
2024-04-07 21:14:00,19.91058490407473,26,15
2024-04-07 21:16:00,8.070507630379762,37,11
2024-04-07 21:18:00,6.363044280639578,53,9
2024-04-07 21:20:00,8.441264130808683,35,11
2024-04-07 21:22:00,14.38576465755545,24,15
2024-04-07 21:24:00,13.687596922053883,21,15
2024-04-07 21:26:00,7.1172899695261895,36,10
2024-04-07 21:28:00,13.365607145426114,21,15
2024-04-07 21:30:00,9.03636904395324,49,12
2024-04-07 21:32:00,8.701054747554657,32,12
2024-04-07 21:34:00,15.029890915569897,24,15
2024-04-07 21:36:00,14.704390128147061,23,15
2024-04-07 21:38:00,7.820900972349184,37,11
2024-04-07 21:40:00,15.985778869429296,46,15
2024-04-07 21:42:00,13.53783082683555,32,15
2024-04-07 21:44:00,18.028905262452167,46,15
2024-04-07 21:46:00,17.352979549062255,43,15
2024-04-07 21:48:00,9.638049839495014,44,13
2024-04-07 21:50:00,9.101374331720102,46,12
2024-04-07 21:52:00,14.037367484772528,31,15
2024-04-07 21:54:00,12.794258988767826,31,15
2024-04-07 21:56:00,5.145021426653433,53,7
2024-04-07 21:58:00,19.096523969227665,42,15
2024-04-07 22:00:00,15.73271513724157,69,15
2024-04-07 22:02:00,4.5626436126966885,46,7
2024-04-07 22:04:00,12.823997873584014,26,15
2024-04-07 22:06:00,3.464352802034343,22,5
2024-04-07 22:08:00,21.345245222948073,39,15
2024-04-07 22:10:00,17.89852015161745,38,15
2024-04-07 22:12:00,3.7832974058037285,28,5
2024-04-07 22:14:00,13.727884115603574,51,15
2024-04-07 22:16:00,9.039452071873674,25,12
2024-04-07 22:18:00,6.700383931974892,23,9
2024-04-07 22:20:00,10.25964363562464,36,14
2024-04-07 22:22:00,17.181171872571067,32,15
2024-04-07 22:24:00,17.614565279983644,20,15
2024-04-07 22:26:00,16.94171498215112,28,15
2024-04-07 22:28:00,1.5070441595826676,26,2
2024-04-07 22:30:00,11.899166578116812,36,15
2024-04-07 22:32:00,10.10026803721272,47,14
2024-04-07 22:34:00,11.865346643219645,23,15
2024-04-07 22:36:00,9.964717146476005,32,13
2024-04-07 22:38:00,10.421457028610364,32,14
